user_id, business_id, stars
wf1GqnKQuvH-V3QN80UOOQ,fThrN4tfupIGetkrz18JOg,5
39FT2Ui8KUXwmUt6hnwy-g,uW6UHfONAmm8QttPkbMewQ,5
7weuSPSSqYLUFga6IYP4pg,IhNASEZ3XnBHmuuVnWdIwA,4
CqaIzLiWaa-lMFYBAsYQxw,G859H6xfAmVLxbzQgipuoA,5
yy7shAsNWRbGg-8Y67Dzag,rS39YnrhoXmPqHLzCBjeqw,3
Uk1UKBIAwOqhjZdLm3r9zg,5CJL_2-XwCGBmOav4mFdYg,5
x-8ZMKKNycT3782Kqf9loA,jgtWfJCJZty_Nctqpdtp3g,5
0FVcoJko1kfZCrJRfssfIA,JVK8szNDoy9MNiYSz_MiAA,4
LcCRMIDz1JgshpPGYfLDcA,t19vb_4ML2dg5HZ-MF3muA,5
C__1BHWTGBNA5s2ZPH289g,h_UvnQfe1cuVICly_kIqHg,2
CLbpPUqP6XpeAfoqScGaJQ,QjZFYd5hme7EHegpuJngMQ,4
zDBOdWtl2PsNY38IeoE5cQ,gy-HBIeJGlQHs4RRYDLuHw,5
w-_md1Qslb7r6098SHydlg,9p-cpmHaga-EXyc6ZzYCcQ,4
U4INQZOPSUaj8hMjLlZ3KA,8tMy7yEeNVYylVVFRlPmdQ,3
CMu9FmdK8xpiawJowJuGQg,364hhL5st0LV16UcBHRJ3A,4
s2o_JsABvrZVm_T03qrBUw,Gen0ei06dGq13OJ8DRXUjg,4
DKolrsBSwMTpTJL22dqJRQ,RADloW1UROUn4FJFU4JJNg,5
aOseJnydZYD8Og00vWylqg,fNc1WuGwiT7RhqXUIe4S8A,4
I8_iXLcpYHAb_xi2vShgOg,LR0qF0FEVsCOhYWUOiH26A,3
renPzRDqMZpMaHiCD_e1_A,xTlmLL2xZZ0xhZ2J16zXQQ,4
MtdSCXtmrSxj_uZOJ5ZycQ,Wg9272hxpu9IBTXMTB6EeQ,1
sdLns7062kz3Ur_b8wgeYw,9S7RUjzkdpU4MDxUxkvLvg,1
_VTEyUzzH92X3w-IpGaXVA,X-b4-QvZLENnf3yFwhpSXQ,5
Nhk0jTP2gkU12G4LHJVR3A,FaHADZARwnY4yvlvpnsfGA,5
_VMGbmIeK71rQGwOBWt_Kg,IhNASEZ3XnBHmuuVnWdIwA,5
qtOCfMTrozmUSHWIcohc6Q,S_5VQYMMa4aD3NzgYLkvhg,5
YRvwnfOfpeXK76e1-pe5Dw,o_une30mUUXlFdcud-cqWw,5
zBi_JWB5uUdVuz3JLoAxGQ,iRwT2pBa87Y54q8nqfNAzw,1
EiwxlbR8fb68lMgEXhcWKA,EhIMjTklf4QPvRvMIhoQiA,4
4pc_EyanaC3ARh0MZZyouA,TqUVH7Ox_3qEkCxCCS_l3Q,1
KLB3wIYUwKDPMbijIE92vg,3m2XZFVraCiqjgLxHi5MdA,4
IuaAfrkirlfzY3f4PkgSmw,MdS6EHt2RZFpn9fQXZc9Ig,3
qewG3X2O4X6JKskxyyqFwQ,7ZOTARscTr3opn4qLbbnZw,4
Ekw7wuUTX36BtcPP6XnA-Q,RwMLuOkImBIqqYj4SSKSPg,3
N3oNEwh0qgPqPP3Em6wJXw,LNGBEEelQx4zbfWnlc66cw,2
_Pn-EmWO-pFPFg81ZIEiDw,dLc1d1zwd1Teu2QED5TmlA,4
ay4M5J28kBUf0odOQct0BA,b41zjWT4pzcTgNY04eKAvg,2
sBqCpEUn0qYdpSF4DbWlAQ,g8OnV26ywJlZpezdBnOWUQ,4
5AKt52TW50eWHk9Ia03uzg,wL5yGvlL1zXZ4EPJ8d0hIA,3
OoyQYSeYNyRVOmdO3tsxYA,s0vNtuLs1cwEqHTXKiS05w,4
hLVq7VSJBHZwqurwWoCmpg,4c19YWOjPmbFUK4-V2GEvg,2
iChrn349gyWB-8UGyn8a6Q,eoHdUeQDNgQ6WYEnP2aiRw,4
kw-YtOKPXrRB2a9wRZlmzQ,D4ETxxeNQEnSw_e1H46DXQ,2
UmTMCfPlhA6kJLAsLycSfg,f5O7v_X_jCg2itqacRfxhg,3
e5kg9bLvlJz-MEUrGjIeVQ,zA6gnF5aPBGoOm6uIbKt-A,4
Ozp9AQ9EOaw3ZQnVE6TDFA,0jHZk9RrKh0uRhTRW1XIqQ,5
2YiBYO8n32upYTJnpWgqLg,l_-4l8JwZbAn75Q1sfI7zQ,3
zvFeFboNMXqes2x5yqxpYw,hggVnGwA5042-ABxqeJX-A,3
PACS2nRQfwS7fYHNBL4ozg,h58IV-LbmpycdzlwVhUhgw,1
SDgrUDEdWNFBlC4ufVk1PQ,mIzlYJ0n8cXIHs1JiPN8kg,4
SCpF9u-OoNlHnmAsltiVrg,F09jtEb9KEph2L7Pbji5QQ,4
d_uSfozaAZR4OpDNa8IiZQ,2KduMkQeDDgVHwsOGoIi_A,4
FEg8v92qx3kK4Hu4TF28Fg,rkTFLIt_Z1bYMIuXfSyAqg,5
swqSj4zuamI_HFfPTj63Hg,n7V4cD-KqqE3OXk0irJTyA,2
XjyneOR2t_o12hSt-MncKQ,WXd7r6Yvjxhyo1L6R3lQMA,4
qd16czwFUVHICKF7A4qWsQ,t6WY1IrohUecqNjd9bG42Q,5
Iz1OjH-QHe-r9a7gm2sOLA,CQk3WJtULz_xOkUM6o7wpQ,4
T-bbNiVDbGVxxdbQX52KTA,V96iWEiPOMLOSQgO4x2rfQ,3
QyPcC88XQlXruvh5UBmkYw,gG9z6zr_49LocyCTvSFg0w,4
_ijx1PqANQVFLGNWCibdig,LOWn1xi9PfG2kxrUuC21nA,4
OmBHPdD3UhTeO3UHq6kBjA,bYGn37k0KgleABKMWgjnMw,5
lFFIpfkox55FQ-wZD6BBVw,vw81ARj4ihGzcmanHw6dUg,4
6Jbd0G-MyiXFXdPwMoEcZQ,cTbFJzHQzFSX-z3JF4abKQ,3
tL2pS5UOmN6aAOi3Z-qFGg,qsJkjQoM3Hdg6Gtqp2S9_w,4
SdXxLZQQnQNUEL1rGMOQ6w,Dy99p5bWfr6g0UtlmPjDqg,5
FmtnXwc_eyvpIv1Q1-bVCQ,kRSTvmQaiWB2Dk5dhxat7g,5
0QREkWHGO8-Z_70qx1BIWw,LpyndkMvevIQA-JHoReHNw,3
ACwBMSJzgW6vOvV7vOrk8Q,WAvBDsUGa_nzmcwfc42Qng,4
CapjGj9mWWL6P_eQChu-5g,xtDZdPaHwhAwoo77QV9Oeg,2
TrAnJWCaChe4F9rU8QGCNQ,DuMWyxL4DMcy5A8MXD_67w,4
BemKKkZBBmu9GupEwKBj9g,MTtI2bqoNHN_0m2cHbY2ug,2
j6Kv_wLQzZMWobLIyijX3A,VZbKJBbcxCOvuZyuEOojsg,3
mOVyk3O18VY5nrUMTZgM1w,nRo8ZR3UO1Kt6XwIMbMy1w,3
dW6bAWM1HbPdk_cGS_a2HA,WnLhd38sH80ViWwzyF7yoA,5
cJh4F1zFNJb2wXCNT1uNWQ,NdgsBrZKSsmCNBDfj_0L0A,4
kwIhn1_cnQeUaLN0CuWWHw,rD32POdIhGN9eR8aUxl-3A,2
B2x3kEXXo8iUdtS9FhGO4A,YCEZLECK9IToE8Mysorbhw,4
xq1zRJz5VHgEKiCaI51_Gw,jRxLnJ9my31Re_O2MvQGhw,5
5AlOIOMTzNhU1tSOtQ6mDw,BnpuVvPy3sfLlkqKCx6Xnw,1
BI-nIs6O-ZwldOaeK6iKIw,v_xuLfW7TXBsQctpOuPvQw,3
CebjpVd3PsofCgotWp60pg,46Ld9Qc9nAx_A0jwclNZiw,4
C2C0GPKvzWWnP57Os9eQ0w,QSS4Jry8zQv8yGfkUhsZLA,4
j55llTI5f_Xth68rqJpqUQ,bCa0CY4F74N5lCEVOquKkg,5
qmYullp32aXFUr8WMVFrOA,0KjY3gmtqQjc4sK-uG-6fQ,3
l-tDF960t9BakjyH34XfTA,3OKwP3ylofhDJDtWJQu5GQ,2
quDu_Z0-i9TCYvdHRnULEw,p8HvhJZ-_EHhmUVmZN15gg,2
3UY0P5vAPTavFNTqqE2nVw,azsyGov8GFJswGxcqIn71g,4
KgJdBWS3ReP6TVhYWJRKmg,WrKAFRFcx6GiLYR4Pshtgg,2
hkSiQAfl6w3882JJQzRTlQ,VyjyHoBg3KC5BSFRlD0ZPQ,3
tBeEt3o3ismz8fcQL9CosA,aqCOsEhjCHVqaFPRt8MCRg,5
4bgpE8kMw8cQCaMin_dcww,906qsOYOdCxUHhJm5T5YrQ,4
GKy2zJOYcT89OqT_Xg9B2A,E-wETrdq1uImd6lX6x8Qxw,4
39fTg9QkLhIKRY4fH8rvKw,anzCdD5eIEHwydTpXhLlUA,5
eDdQbUwwkoE_TZeqQ_1NNA,3BCsAgo_1i4xMuTyLKMLRQ,5
i8ZU6iDLP5r1dVUCxKVv6g,u-3wk-2mnsjy0YIoEg_XjQ,3
zgV0ZroIF956gw4cul8MHA,66VUcHJlDmRANxSb9skvMA,3
gtwM4ijo65AN4DvXdgCu_w,zWo2a6QPIuC-sSJURJ02Hw,4
DZMIRjbNLmoX34oU2pf68Q,#NAME?,4
8c3XuWaEQwzbV9AtiXB8mw,S4NHg4GZD35HzzibJAxXDw,3
ea3HFxRRo4gZOmlDle8IPA,rKBqoXbY70awQP6p68e1_w,4
o-5MEqwSsiHKiPNL09e54g,q5xrVJ4kivx_yEfJeOKNYQ,5
_VMGbmIeK71rQGwOBWt_Kg,68jn0s0snbO5dhasLaVvDw,5
B6cG3i52V1kaWqS2GyVZiA,kfP2LXyH1misyw3wHEOneA,2
9W73B44Iw8WslrTNB2CdCg,3uOxuJUnx72b86-3NKhX0A,1
C2C0GPKvzWWnP57Os9eQ0w,RRw9I8pHt5PzgYGT2QeODw,4
UeYLQxnzX2Al3UUkEmWPvQ,rFRNjwr6Z3r4agQG-LtluA,4
6BLLyZDiR0pb-h2E5qvLXw,ejcVeQztxXY6NX2O2SE0Rw,4
YSGUCqerQCEHOL8HdWxAeQ,bQ_wtZvMb__OhprY5bF9aQ,2
mswloq-IjRr9yXLhBqBPAw,8xTuXU5uZ85WF-ZGqDNv_w,3
I-4KVZ9lqHhk8469X9FvhA,qE9yIXn2GQb2-4a_qOOKzg,2
d5WLqmTMvmL7-RmUDVKqqQ,7q7qaGPUUCqMljdIGwzvFQ,4
Hm0diOkWwpo9zotlJlqMUQ,xuAY1qnAMrzkNyTd0K0Tcg,5
8oYMqhC5fhqAK_yxRjE7dQ,uhb7nSskHRm5RFbGkGlGwQ,5
s-591-mtIyP7F1Lffw98jw,J4CATH00YZrq8Bne2S4_cw,5
L8cvMZLWmM4qWTl9SkxJ8g,i0rVOregYLFcp7C1RKoE3g,4
tX0r-C9BaHYEolRUfufTsQ,OoI3WUe4Xl86d53avy3oVA,5
LnX7-WmpML5bY6Fzlz468g,IZrGUQHkxOxyDmifE6p7bw,4
7_wgKuMhwGVytCKd0uf8jw,JjsmIYvWfqwx8qkVK_QCeA,4
XOgqs74hkbXT54mSp7JMRA,i2dnic7VdQ3NyiQQWUXHbA,5
M4yYtAXehUzaHB1ghl6EXg,MpmFFw0GE_2iRFPdsRpJbA,3
KCD6daAp293FoOUoTjT_YA,9IpKGHaPy3hhXo9g5Bt7lg,5
3RU_U3HdYU3AOs_r9rgoBg,DD_dSlQKcln7VXbN1qxcLA,3
ET8n-r7glWYqZhuR6GcdNw,w4a6TuFWArSc29dB51rPNA,4
L8P5OWO1Jh4B2HLa1Fnbng,zqUSl5lvsdG4oLonqrMdOw,4
A2N4y0VeZ-3TtmBVCSVVnQ,ydcNlRMKs93AQpOhVkSrGQ,5
DPtOaWemjBPvFiZJBi0m8A,r8Jr-7YfkhJL2nxk9lxUNg,4
JeIVRtZiwUnSP9qR4AmfEQ,_ucDskZqK5w1QHkoA_nlRw,5
9eehtcnYhZAHug1uMI6iRQ,dp9haMgS5RZ6i1kQq_oS5A,5
PACS2nRQfwS7fYHNBL4ozg,C-oKwqnAPa1KJZhMOox60w,2
fkMiipV4j_DG5nSoBnZvbg,a4MVM9E9022sYFrrYWy9DQ,4
N1TyFoXe4cUQ9E03fxiPMg,IoyamGmKao_hfQBvFKihyA,5
lOu5t9HG51UDqm4ahVatqA,qmIHO-6T_KEfPC9jyGDamQ,4
8IHKoDdowAkISIKzypvObA,i4SZYnZOM984FpkJXnzcvw,3
WZojlBpeuNhNew_EjB7GLA,m6gNvwtzo0BfD048l0gIaA,1
fmzIm7RxEdii5Jz44PtO7g,BMR_AsSBzTQHqW-SQabI4w,2
6mYfeB7ZxsgNq0Peyt_eFg,Fkj8vJocYilePMZv2y54WA,4
g8E-RUZZGAHwnQoelG1K6w,vgA3g9yQDQSABsxmQLtDkQ,3
njUgJcn8ZN0BdZdNEswRwA,pKk7jCFIm96qDdk0laVT2w,4
zBi_JWB5uUdVuz3JLoAxGQ,50tjBMTlIbFBxjTRXAVZHQ,3
E57wz7vsLNPtRPYmYqI1ag,RQu_Bv7EFf5NKMnh_3E7Ag,1
nOTl4aPC4tKHK35T3bNauQ,NOz8W_cUV3Dw5yLgFkKLGw,4
90Go9OZhKs-5jpagYY8N3Q,a9k9MQrr5KFyMD7_Lnwrhw,5
tH0uKD-vNwMoEc3Xk3Cbdg,a0v7Si0DK4cIko7AQY4YXg,3
togwFqr0eHwect2P2eZXZQ,YkOCo5ipV2he2WXIAlZb-A,5
Xsyw11gZiltqWL5RvWGKJg,sKA6EOpxvBtCg7Ipuhl1RQ,5
#NAME?,#NAME?,5
SaSXRzjHx3SMTNnW90PetA,Md6NWl54ny8hA-NVaYZuew,3
tfcWQ_mKwgLkWu5pvpmsvg,WHHmwtzZoQbm2v9DbMlgFA,4
OfdX0DGrAET9jqn_7gkXww,rTS8LsUmNIiXsXydE49tPA,2
No5P-cOQQEf0Atgc9Vi84g,5xYk23lz0ktdMvzHtohymQ,4
IL1-dyCe_zSqhmt0ExL_Jg,zJMnVbXUKOFkZEA2dCRsKA,4
Ryxj0u0AW3mRsRypdYli2A,BBJ6Y9Kb2-luoBFBfc8o9w,4
USpN4MpgR9RpwT7eKUA3aw,zKqWjDZHo-lk7_E3hHkORg,5
bLbSNkLggFnqwNNzzq-Ijw,87bozyZ6vtlEDy33Ek_fZw,3
S9dDf0JqSMAvusp5f-9bGw,m97jaBYRscg-hqDjMVIIWg,3
8RcEwGrFIgkt9WQ35E6SnQ,VZbKJBbcxCOvuZyuEOojsg,4
vEXQPLOCIgYoNXeekjL2aQ,yQab5dxZzgBLTEHCw9V7_w,5
P7S6JorjpamxAVSvmrmjXw,0sPOBQHlVvuhO1h-1p1ccQ,1
8JLanHhH2dON1aUPWN_jXg,AbgNPAnuq8X90DUw5FQ2sQ,3
97j2wkFU46OOgm6ErRAb7w,Q3nButmAU4F-v55S5I3vEw,4
T7ViOhR3tLnvQharoopLXA,mk7xgXuTVMfv4sH7GD2SoA,4
8DBH3BpLINfTAK_Up5BtUQ,DxgSVufr_6y_Rc63CC17Zg,4
Tnn_sY9W24ho4Kw9uwuK6A,11fdZ98T5ddYgc12bp99PQ,3
vXrUBAIN4aoCt7F5p0kU_g,JxKWfZ6hG8iRnK8QL65jTw,1
O11n5wP5sq_NtxEGF6dwMA,4JNXUYY8wbaaDmk3BPzlWw,4
Iu55D7RAAW8TACA3lN0w8Q,F-bdXFkJwwENiNpMTG2ntQ,3
h9RUaaHa5kcQKqtJ-sgS0Q,iA8Ve2sZKN5Vz3mYKrtCaQ,2
uO1w3qNo21c1bVHHFTYW0w,N93EYZy9R0sdlEvubu94ig,2
RXSFT4K09Ta6oTdrvFGmCA,A5Rkh7UymKm0_Rxm9K2PJw,5
9PODl32fViCXhN4NxBdGPQ,Vs7gc9EE3k9wARuUcN9piA,5
HPtjvIrhzAUkKsiVkeT4MA,8YG7PRoZuHeKii0rtNvJFQ,4
utS9ZAswZZx3QkegS_25SA,9M6eqYZlyBMo8K9QztXcIA,3
qQ4bfJmrfK0iWCZjl8cavQ,XlZ2Row0pszDilc5WmXiZQ,4
FH1zzokLaW3C7meH7HQF9A,476CROJauLg6CtssqHRxmA,3
5Wg5OanfZ4-2dCxEo-qjsw,ZtsnwjxjzMUI6tDZNrJUeA,2
Eta0tfNygqtTomlAG-I3yA,yV7f80Nw8nJGilZpRnS6HQ,4
PKEzKWv_FktMm2mGPjwd0Q,t33qVzQ6AdSiq4lnI0KOyg,4
zCnJQKvZgET4llBbJD1aiw,67Pa_CtXthgJzXfY8JzLDQ,1
KQ9TbTOBwC5PTX0HXq1Tng,NvKNe9DnQavC9GstglcBJQ,4
K86nuyuxpmPl_t2V-H6syg,QFPS9JBNdOOHVP0C3pSslw,4
sKVIL6VYjuAaO-hiS2rzTw,XKPosZx2j4RHcZ8Ewdwj0A,5
ajxohdcsKhRGFlEvHZDyTw,VUtazCTIc0aoOrQprP_s-Q,4
AvcMbSFslworZbsU6tjmdQ,ehUN_XAWr1ePov0jtgv0Lw,5
T13IBpJITI32a1k41rc-tg,AuIiqDeL65kczmiFSkAWrA,3
sa5zd7bwBQzajQB48Y9SUw,IT_4EEIbv6Ox1jBRMyE7pg,5
e3fdrK1tMCwWLr76LFe-cA,cUwNW5NEua_yMcAx-X2sMg,5
dRTZgTVahakFKkQJdyDX4Q,a-YTE0oKRdIq8GdQ97X-_Q,2
HhYUDP1vR7CSRi2cvfai0Q,n-n2l3VyENfM6nr8IXAObw,4
8ydnqYbyrsl-Ri0TRxgSjA,Qb4sJ4ssSX1clY2wEAOmsA,5
qewG3X2O4X6JKskxyyqFwQ,SEjyjYlMfFFzkHaru6JadA,4
UetOIhAdPBkGjm_o-mSC3Q,Eg_M8eeu9SDEdbP7iUmVbQ,4
T8fSuI8CXWOYZfgfm4QshQ,TZmMsbw5TbRqv8rmKj_aGg,5
idkiOWam_lobHnIeZEs1rg,#NAME?,5
WWWWYNDG16P4Pha80srB2g,Ejs--ofQoRyAtfRdUFuFhA,4
Bg6_SkJh76doBuYhrlARYA,jPsYewglXykobaR7F14Ykw,3
B7_ARdKo_GT-gjCSRGErXA,Oy2WnPyiOlPFvPKMIuOC8w,3
bvzwsK8u5i0Kvvyfy7aT1Q,b1WGIdd_oSwGYZtC769Shw,4
6CzDXsYJNXLLbmDAaES4tQ,WMpXWa8iiEaDzb4vLTZjcw,4
tXhscxwFTd-ayLTdPx_2yA,#NAME?,1
kyZ2FNiDYn5Soufpz2c3Mw,i4l_Qr_zIz6PgyDktkf5dA,3
T88y73qdOSutuvzLlhWtqQ,Y-S2LhHefBdnX8VP5Bh_JA,4
oWxy_YR6n2w8e9L00hxhPw,GIPY7lBIIY8ITSfu63q-YQ,3
YWFbTcVnun8i03XnEU7kVg,Kn23LDd740SBVJ7mum0fwg,4
QaN-nccbLZPWzownQYgTVQ,XS1Zx6GzjtKPKmhDuVw5Jg,5
dD5vTDPzv_79m8_zZhc9hA,D3MfMrIoNV4_aXPj0bi1BQ,5
b4ZbEEDbCPT6pVT4ImJU4w,uIovmfzrCcJIlzfbpj_hzg,4
hLVq7VSJBHZwqurwWoCmpg,JFaTPxWQC14VmFnXLv7W1g,3
e3c6w6sM8sJ_g0IlF6CSog,slx9qstc2U2Tc4s7dzbbBg,4
cLFOKo3WRtsK4oB6yAPw8A,B_WggEKFq-ZFNui8CHPYvA,4
xrvyW1ruKS0uz9RtFewC0Q,e2ApirIzYID9xIye0r_gKQ,3
ajx1YQYaSiF_tBFaaP7XKA,DsAZ2gzuGK9_wKzMiGqIjw,4
BvZ_u2z-qILTXPtVNblklQ,y0x795PyDX8JL_oyIaTUiQ,4
-50XWnmQGqBgEI-9ANvLlg,2sx52lDoiEtef7xgPCaoBw,3
#NAME?,E7Heu5iT3D1WsfxlFROgEA,3
DkLSyxogCcJXY5DbTZ-f2A,xOXImYSjz4Sa0oYuml-ldg,2
D4Yywoe-WrRw-evn48vWng,vchjO0Vs5FwW2tpFnCimqg,4
LiNx18WUre9WFCEQlUhtKA,lOKgoQtMhnlf6hWvrOiMtQ,4
96q951DUuDC_Gxm8Yq9-AQ,tDXQBKBKN-4kJnCL-BqRbA,2
DOajn8AtMjNtCZ87YoIlwA,rgnvT2gHHfW_jW1ZbIa_-g,4
vWP8-aQX0rYJszqkWVL7Ew,PRBSiB7ytkLKHVZoBYPxpQ,4
2m2MNnlOdofofmUs-hYTJQ,jYqOPpSmtKbKzf0Z_g-Oyg,4
flV6Cp3M2vHcqFBcCrGS1A,Hm2YntlJzqP4reNZRlkCEA,4
Ahix-3uCOXmeaTUv0xF_zw,qcqDjeirxvdgW5kQVkEwSA,4
DeXKbQYNx52OlOizobOLJw,mnI_n7A8sxgOSmtgI3wzQQ,5
yeX7tzZZWCnphQifRJglUg,x9SL1nCaUYM4JP91UrVkxQ,4
KAkd4Wkwo846cbUxsyPgkw,UdHRPszFOKuVs_8ZplzUhA,4
0hZfE2He1YssM_wEvKhfcA,XhUec_6-kgPy1_ZYUrzvPQ,4
TYiDRwfIUBEos45ERdzeAw,dd3GZs6zW2t7BM0cbxAzvg,4
QRsuZ_LqrRU65dTs5CL4Lw,YJ05ntGlszxACOD5zn1YjA,5
hAmZmC48eCWzX3ggBD9Qcg,IVKVk7ZAPdQi6S40UX0zyg,5
n86B7IkbU20AkxlFX_5aew,mgc8BmE6Tdt4MVOy6siZoA,3
bEhO6RG2rgf-jFAv0th0gA,g3g3dWFoVSYhXQTs4ctGyg,3
AiTNSDP-Jw_ko26pFsbW_g,QHZw2L6LV1qmExNJbfhIsQ,4
rAa-LxHwU8IP989kvMUJSA,leZNWLccyBaXpPIRPK_lsA,3
bHufZ2OTlC-OUxBDRXxViw,w5CSi-An5meLnxjKSFn0wQ,2
EiP1OFgs-XGcKZux0OKWIA,4nJWUXQqm8vxubgC_0AcCQ,3
lsLuVKmdh45yommr53zfRg,T8-13dD8mV2qUI53wsUL6g,4
fcWM-oqjgS94yi1INhZa0g,zNOfHgMWZtG1vVA3Ca9fCQ,4
kmE8w5Y785eZmodsx0V6Ag,5LglLdziapvddMigNEAD8A,4
kXt6tPSGLWhWTiXO7XPjuA,#NAME?,2
6nSGen1iDqt5r97yxEFULA,QvxBnMcBPP1z_NAIYCqqdA,3
BwwqlPVsJk1dbUyNwCWB7Q,XrcB7Of1KfHlkeXYpHLIrw,5
A-tUZUgiMNdHeO171rRQdg,7SJoMX5ti-VoEsEW6mJLRA,4
xcBcIMVWEx1p7V8ACaeHpQ,vyEwNjo1MKKwt20Hcgr1dA,5
CqeLXgQUpMZNbz4GwBz87w,ZrS5rhJ4OvXQG_38wPEWlA,4
T5I9fwtXinCgUv92gFJ4gQ,5KcrEqWVHrkBH9W8H6cC9w,4
zBi_JWB5uUdVuz3JLoAxGQ,vw81ARj4ihGzcmanHw6dUg,4
_50EXPLguCJR8o454dtD3w,rn6a9iHooc4qM80mshJxCQ,1
yP9UmCxs1PSqljLfpR9R5g,YU2XR_ZY-g2VzDpi7KMzEw,3
SlgpAnj2gQd44EM_Uq6DkQ,S3kcGHznDcyzsxkOhSZeLg,3
NUtVG7jNPLJR2cxMXMH2-A,338D7EQfInzHV8Ve1b0-eQ,5
HJj82f-csBI7jjgenwqhvw,2zrBUJJG1FqZ3X03w-OqIA,2
NWptkEoaBCDoMRUlisMu6Q,T3ASfec34b8-uYr3xZj8Lw,2
8NNaJaSD60s1rDHPo4laNQ,yfxDa8RFOvJPQh0rNtakHA,2
sXccOuVx25toGWS86hS4XA,d8lmIZIqmBC9oPM8y1dc7Q,4
TyA_1wJ_irey_D46gfdppg,JmR31zZjh1yeNLAGjhW2fg,4
t_9U_94WuP_HUSEXnBgL1A,rioQ_p2pILNbJ4Xp5jW6-Q,5
a6edJQpI-MEg-OUTKDp3HA,Ur6qSirXUZQgRMumvXJvrA,4
k4M43lXJuQMpQW65DTqzIQ,C-u6Ywuq192icOblKm6oKg,4
PomQayG1WhMxeSl1zohAUA,EIeU3coTP9V2qcmHhr60Yw,2
3rsZCoTmr8EM7DwtGm_RsQ,jyWnalvlMFz5pZPXN9CRpA,2
WoKCLSctS7G2547xKcED-Q,YAci8e4YFgaVYyI1mDpp7Q,3
zBi_JWB5uUdVuz3JLoAxGQ,1jpYP-JNOEYCMIzP4OlGuQ,5
-2gOxVWcnBr5DclrrsWXCA,km5aBHRss5ir_B0jvEErzQ,5
B0ENvYKQdNNr1Izd2r-BAA,iUg-giEl5nINQoc6yau5yQ,3
ibom0z21KPu46kzMO2pqsw,pomGBqfbxcqPv14c3XH-ZQ,1
mYJW4-M4tcRygSwdT3A6Ww,qFAw6wHMMcr4ctF-ZdGhEA,4
iB3iW2re2A4LQEFcpXExFw,7zec5DCEukcx8GRFn9LbLQ,4
O5uqPjm8MLjFqUmbSUmnww,OBGLTac74G_1Pt57M1sIhQ,5
hJqBNS5Tdo9Du-s3DDpMqw,v_yCY6NCwxCPIsNZR80UfQ,3
Spgm6HFWgc4YXJlbhg11Pg,zpoZ6WyQUYff18-z4ZU1mA,5
9VRn47SH71kNkCKotY-anQ,aYjZc-3aVbPIPaJgGiUK_A,5
Kh0cFp8G0CPAtyphCKxkiw,3uIXuw878fNjxZ2Li1diFg,2
dLiY6m8-i-PQyfe4RQGQnQ,5T6kFKFycym_GkhgOiysIw,4
6VnttIA0M92-d78bd-szwg,oeQaMFH0VoC2b_24x0smMA,2
4krT9JxgkdxLKo7slwOKkA,6B9efpi2tiublqt8NbjyIA,1
AmMd7xpnaf8axS_roCBFRw,BxKe9Xt_fN6qBzrTofHuEQ,2
tRZAC_H5RHrjvyvtufcNXQ,0-8DTqVaY9RJU0PAWD2l6Q,4
8PVrN-By9CwpO1HLoyOhYA,Lk2I8GTjKLd_R1drktNWNg,3
ojMIkHP9M07O9SWOSggsRQ,Ye4uQAkfHbh8w0cCXCCLjQ,5
YJLlvBPtvB8iJg8_WKxVzQ,nyM76RUyFzekHHmYEU-KBQ,3
y3FcL4bLy0eLlkb0SDPnBQ,7vHvQCjPq5pWj7Rio1A--w,4
ftttLxXB10LtHJ7v0j2hDA,F06m2yQSPHIrb1IT7heYeQ,3
yKAIxV3KCxBKK5ezsry_0Q,XQJr9_jZR1vOoZVcZfDDwQ,2
A9PzIlg1jlezCcpuN9V8UQ,B9c_0pMFuDN6y6934MsmZQ,3
PkRFSQgSfca9Tamq7b2LdQ,7Us3dn3v9o2xMSXA6qztLg,2
w3UMfW-XuIyKkgXEvK8N8g,DYAorbxOyubUB_wtQRCdug,1
MiIhPqbV11A_rmDfCjVL9w,rxA9c0_XObabVL1WCTA4FA,5
fr5efb7JrVpFBF9q303NVQ,ag8gM2YKZkjndCvl2ti7kQ,2
s4cki7AiOrOjb5r-ZpbJUw,Vbi-yg7XvK3UhubyElaMHQ,4
6s7isj1OHWg6vQKa7YtorQ,JVbhg2uUmjp0Acs72gP7rA,4
kmE8w5Y785eZmodsx0V6Ag,ZjSzUWHtnpCfjsa7CksSOg,4
FTZyZbr1eF7s3Ss7uSLcXQ,Oa6ICL2LhQsaKMxaFVzrNA,3
6KUA3-IfHoAhQ3FL2djQoQ,OFdMlXxtkU_nUh8jJ4W6GA,3
HTmMgR-wba0xSGSCZIV3kA,V6YcXm6mtKTjsYJxEK5HVA,4
EEmb61yI7Nit55CHflV0Gw,v1AE1LLWDOqe8ubOzqKADg,4
nF2TR0yfB2tx3VzAMvdlgQ,n-Muw3wnU-INyXkgPtZVVg,4
qeemN4slMyao8ZE6Pc9Iww,q-zZgXKAQFLEgMp9ZNllgQ,4
1NbFusAiFMOLT1vOUyVr8Q,wlcHT4d52xh52ZsIxxuGFg,1
SobGWhM_IAb4Kj_9HEpKsQ,Z4MvEVylnZPW_vddQc2Ihg,5
6gLAjpSE6Cw092SGqZliNg,RN3iw6o5FZXRuZfjI5ojFg,5
HWonvGt2a73y_4_1xNmxCQ,5LtZLznMWTNsciWBU3zg2g,5
G1J-MuWmwt3PMfkSga1k-A,YIYE7Zk61McLaekLFluzTg,5
jcriwcTidug0fK8sgAloHA,3BA3Ro7GcZb1N_PQW4m1dQ,5
DaUJvHMmKoDDT3vB_ltJ6g,#NAME?,3
5mkRo6VhwdYQ0X2qbBFE_Q,z3bUwDC1wUPGeIB8Rt90wA,5
ELfzWgdf64VBLi5z1ECItw,y4ETe3DkcIjjr_eyeg5U5g,4
fxrQSMhHlBv6eJVRdchG9Q,SVFx6_epO22bZTZnKwlX7g,2
zx5rdBK9NFZrAglIXF1LiQ,3T0Erqk1MKtN58764yZMfw,4
YwaKGmRNnSa3R3N4Hf9jLw,oxwGyA17NL6c5t1Etg5WgQ,2
XPNiTbrKL7f0_6L0lrbZlg,HxGBySw5WIapBu1M8WWcbw,4
AvC5XQAElcGAAn_Wr5auEg,fnxKfHf-ANBph4EqVARvQQ,4
NPZ113YIXy-nl0aQ6wOvww,jt9O4tqBb-a7encP9ZEGVQ,5
EtxsD-Jbyxh7TsaWHtGCew,vSmNFEGb2Jr2wz6aXJofog,4
rCWrxuRC8_pfagpchtHp6A,nkDSE-yhvLX4ij5fSzvb5Q,4
ESSWEfZZp8vJpldwp2G3bA,PYUmLq7FkBbMyfYyHX1waQ,4
Yc_DAhEc7maqaRFli4T6yw,46Ld9Qc9nAx_A0jwclNZiw,4
53bZ_EsXH71L7iFs5MP9_w,1xO2LvScpcMfl2BNm1aISg,5
XEqQG61fetXhuEV9RPslIA,x-PjsebOBDnbClUfGMMv_w,4
eqWEgMH-DCP74i82BEAZzw,SFT8rW3yzDpAJTT25msYOQ,4
7cHcDwzMSJMRaI_pgFNeZQ,l07ctcrDMV--TYwe3uzebQ,3
XPNiTbrKL7f0_6L0lrbZlg,KskYqH1Bi7Z_61pH6Om8pg,4
wzItnkHTHKNqJESMSTEYJg,a5mpYojV1dX7XCkAa1qq1A,4
P5uRLwVRpv8OGv1eEvpvhQ,QW6YN-F4ikGWzEey8yi-OQ,3
cIbbfJEGLB3B-c8Po4AL5g,JOoblYsQjFT-47tkt6om0A,3
ejzke1gX5spaR-NcrGMn3A,YJ8ljUhLsz6CtT_2ORNFmg,3
bLbSNkLggFnqwNNzzq-Ijw,8R7jI_E1QQjLwTfkU4V8DQ,4
wxQCLMnuVYbdtmQCc2ryZg,HgdFqAvK31fB9sgBdOzo9g,5
3nDUQBjKyVor5wV0reJChg,C9ImzBi5fn742ZcAYDww2A,5
6tbXpUIU6upoeqWNDo9k_A,uRybQLCYWkC6N19MhaHf_w,5
D5YwD8rMx3f8gUFDp4JeSA,96puuUqlMC8INO36uLi0ag,3
jUZW1alRK8QvdZ-pH1OquQ,KuyB4pILxj4pKHvbY6CrJg,5
MDeA-Gx8NScCyAdziq7IeA,czJKX4DmZR_1JeRmPcnmbQ,5
aiJVlwMp6_3_IFmQnrgSTg,LjOBNcNNpuewBqSPxYYTJQ,3
7Vfy39A_totC-w70qZi0MA,J2QsTlzmRqOvHsD4aTu0aw,3
v-R38AMN2ZZgr_iszlgc_Q,0MCXyrNQGaqdYBcAwh3anQ,4
ZLS7cwa1UplSB8nRrwrHIQ,MKd_EUD0PG__cOfIbeqYAg,5
erJ1HQwavgZx4996SMIxrA,LkMtMHVetws5_7QfRjPtlg,3
QJI9OSEn6ujRCtrX06vs1w,ZsKWULhwwB61RHzCrb1i9A,4
OoyQYSeYNyRVOmdO3tsxYA,A5Rkh7UymKm0_Rxm9K2PJw,4
GtMg9Ooc2ykPD0OV5P3pzw,c-l4nDPZcEwapEiV-Xf08w,5
2xVrxhQJUBmOyG4ML77XKw,rtr3fSe2DIjjTkyHJQtCAQ,3
-57uOzAWlx__p6QlX1pojA,iSQwKRrLYYi-dI2PpJmJJg,4
XrYTMhY9YJvzX2pMepIz7A,5aeOewSy4RiI8sLLWpeNGA,4
p8eHROuRDiStavK6iEkS8g,Zrh6UnmVBFa8KqDD6oTmbQ,1
82dCHyU-ANOgdhxUgZsUeg,WUq8HJHIZU4uteB154XN7w,3
T78axJ1cQbBg5f5bz4tn1g,CauQnqZ5eowyrr7oWF_p3Q,5
KEAP--MnBZtQ9kjjMU-RiA,0zoXYHq82haayMaV952jEQ,4
57tf_RmT5o3BiFj2gpV-Jg,NCQsIvDF9e-bNyPwKJOUBg,3
cuCf5ydDSmXAgAeCf8ELtA,A5Rkh7UymKm0_Rxm9K2PJw,3
g3HFkZgloxLQCvoJ5Zs5gg,IB8zLlGraOg9LU7qQVLPyg,5
tH0uKD-vNwMoEc3Xk3Cbdg,ZV3G2LxpLLuZOFbn208Z5A,5
77lef7kKkoOVupY-7AmieQ,409qhf4RF0rlxcuaM576Qg,1
cCpiu1GqdzxlvANKuiAp0Q,lOKgoQtMhnlf6hWvrOiMtQ,4
MyFtpeGsV4z3zvFBnfGIvw,2gCvukOcIHW4ehqpwoNlcA,5
s5hemOR2IxcW-0MYA6hGug,AcCZJpxiPqyzKFjlwlwd0Q,4
2oeFc-L1Ow4UC_j_VOS_kQ,rgohunOzrrrgdZcxkQzCgQ,5
UAB1Zyg6Q0oEpXeYRf5K_g,0-jZq2P4eN7fRdt4Ls1QZQ,3
BwFEjsr9yLqdszAmAxFYQg,FaHADZARwnY4yvlvpnsfGA,4
69xsJFjiOAd8Ld7WWk_tEw,9yrAfE46k-_kqg4ULHu8Vw,3
XrYTMhY9YJvzX2pMepIz7A,G4pt2q9Tr5SkwCw3Wb43VA,4
T76-jKiHe5Fz5qTjQQlWoA,ZLPAP1YKL56ODigLn4wd3w,4
yT_QCcnq-QGipWWuzIpvtw,c35qzLN6ItDpVIoj2uQW4Q,5
ciS2XOo391iRUR2DUmSEWw,h9r-Uif_y0b6x80IJFzXLA,4
oEqB6qGiV2K3q8g2A8rfYA,wzYlLZ3v4FBcUTSA9b75uQ,5
NhgU7RhuYYFmpkb1jlYJ6Q,Ec9CBmL3285XkeHaNp-bSQ,5
r7GHYNcXMwCxd5SIHNBsAQ,KxUczoGoAwkX9mSHwWlUAw,4
RqTl3f3ZIhrjILKJFCEKDw,HeXqhdzNR2mn-Ez4PyWcTA,5
pzMvoRhpuwwC3jHZtZSCeg,54WM5coZonA0izd2y04p_A,3
QYobbHEmhLGuS6QDqVRTLw,dk7VpR5Xh7t28U99ASZz7A,5
z2YVGKKcup6mjQmDQ6arEg,VgWvHMs5TJ2lr0ec2DaMtQ,3
fZ7fLMqArGTemvXPH9H3FA,Q5QaMU0BrMVSOkXa9ZQ5rQ,4
o2_eBLxCdS54IcSEjzGrZw,A6bnXx1see4yZSaVVCVDyw,4
qWOarY5fsrVi2zdWmk30QA,wfCNNMkeJcpWr9jj1hcdAA,3
9bZRfbCsuqatVXJzbYSrzQ,rUv5UqvD7d-HMV-Ib1jaTA,5
PBV_oQCoABX958-zjiLGwQ,sd4BuC4Om6WuvnP87ZS8Og,4
PdUZD_Vnlfe0msM93tZrLw,QteBKpZTRa2dJ3u7MLiXww,4
OLn8EvPsu4hNug8V5PF2jA,DJXZrIi4k1Iyd1mQRwxIMg,2
9yaA8hGIxFubvf1XbL9h9A,t6WY1IrohUecqNjd9bG42Q,4
SJQTqW0Uf4V9MNX1ogtw6g,wY3dlpLa0BHfDENYAPYuZA,2
NjNJ1JLnMlOfnDI6Oz6Qew,Vay9xHwcvu7VRZOddBgn-A,4
VlcasgkqiTuPi-nVT7rEtw,OgANEur7Bt8YJSd2uSm6yA,1
m5b84-nPPVNLlDtZyVGZ3w,hjDM6ylmxALkTdKMB-aybQ,5
eguB3eXzLRK3h40Oi0Iw3g,RRw9I8pHt5PzgYGT2QeODw,4
W9C7l46Me0iuzbio_0BhdQ,Yiz2cRBakfVUOHsThLKyoQ,5
KHR6p9KJ79De-ilLI9yb2w,fJvY-QjDY1ZWWArjx9rRIw,4
gUu0uaiU7UEUVIgCdnqPVQ,EnCIojgP5KTr1leaysFE3A,3
AvC5XQAElcGAAn_Wr5auEg,qrPbFiwRT5F_4HLHZVL26Q,3
t7oIAwdWbrZCHeaQNqvNIg,02eH78Tc5Cxxy-CIqhzx-A,3
P7Qt34VblZupUifRJ_5hbA,_V0yJdpXrbdKzBDoVSJGWA,3
pZsVUkMb4yGMGoTRzNS7Ew,sXg2NCfiCqK_X_4R5NK_jQ,5
qp-z1copnYQq7NPubYlNLw,lOY5UWReux2rfd2HtASifw,4
BCy-Hut597GtNvlnx3pB4Q,sUMi2q41l4AzOsmJMRY8zQ,4
WHmabbfgdSW-JrOU9ePMrA,JK_DiDwbl7HX5OhCAh3h4g,2
nbBqUNCuBV-6HVkXgPaSVQ,jpOLEg5CrGrLNn5pMhWzmg,3
U2A_9kuWAMpvCObHrrSM_w,oRgoOhwCex1X9j1iQ9ou3w,4
toJLjXjSofVNJ1icmMwzfw,Ih5Q1cNDLchhi1FqqTwrag,3
vaNvEgtznFwSPDNkbM7hjA,P034NqfS_1sf-pC51170Kg,4
JesJ-LaNfr3pKhL7gWhDrw,bePq038NPxK7-WyPNe9FZw,4
8DBH3BpLINfTAK_Up5BtUQ,Ks0M3J4vZAKsHPuCINz5fQ,4
#NAME?,75HVFV2yYaaz0qH_KCgyFQ,4
UYcmGbelzRa0Q6JqzLoguw,f_9-Ca-r62-OeaS0z1d9Rg,4
w6CGizr474vGmianllh3FA,eAc9Vd6loOgRQolMXQt6FA,4
x6_9RC7Mc0SsFUcWxEoN_Q,l1_S1mfGbEMxfT1f9omhEA,3
LnX7-WmpML5bY6Fzlz468g,DnV2o694nhnjuRmyR39l3Q,5
U5YQX_vMl_xQy8EQDqlNQQ,m3uS5kwBVOwYarGbt98Gjg,3
OzGlDEQ_vzH8QU9NBRs-pw,S4ZfnsNo-Iim82uamtxKog,3
3YK7REruC4FwDTOj8zUYcQ,MpmFFw0GE_2iRFPdsRpJbA,1
JqjAthJThuVYgTh4iWDZ2A,IEJFia0wQX7UezfXsenI5g,3
H2PcFJ2tswZLKY4tadK6_Q,LpGCzgAKNSpzDNEUMVVtZA,1
whINg-cC-FiAv_ATDGMDTg,u_vPjx925UPEG9DFOAAvFQ,4
Ryxj0u0AW3mRsRypdYli2A,QJatAcxYgK1Zp9BRZMAx7g,4
3WzfK1ymtAaz189qmGiLWw,ywPaE5Ai8SK8TeUoeMgJ6Q,4
X3frtPLMgwXJAlGxcJvEDQ,IFj5l46-o-DWiJNexOAm3w,4
_qkI_vYa8ZtFCxMNTEyxjQ,L1-1P3acJc4gEFvWwjXcNQ,5
_VTEyUzzH92X3w-IpGaXVA,WfQojfN1xWzm58gIY_Fa_w,3
Gh6sagblKhuMpWUDWeQjNg,skJ-AlN0DT9pmBDz0ixeJw,5
N6PAVmnVS24YDjvZgaXkmQ,OGFBCNUHJ-182MbnV6NTvQ,4
zN7UEYPQwUQdDULm_pDWdQ,seDuOOv4W3_fgFD7iMKhKw,5
1-2Oed3A3J2lzLnRp12FWw,4JNXUYY8wbaaDmk3BPzlWw,5
y05H_1uQhO4frLTJ5_tGCQ,hPXR-Bi8U-uz6TUViqmGpg,5
yJP-54fC6lpYXXl5X0JyJw,61wUpoim2yzSMPKxg58ReQ,4
T1ECVGXE_vwCoCOY5s4esg,A0X1baHPgw9IiBRivu0G9g,5
qUL3CdRRF1vedNvaq06rIA,JePoHo0qm7lHd2Nsg3zA3w,5
Rsez5iSKBDgkqt6yU62o2A,km5aBHRss5ir_B0jvEErzQ,3
zh8-XfjqlwAxf--RS4azzg,3n685UjMonF4fjBcILXkJg,4
#NAME?,qjnJFZtsY_nfRzoL3J_UWQ,4
vpvW58vXP9xuOsWg-OCFxg,WpI5MZC3XzlTpcUOKXzCbA,3
Goeb2D2E99xss3tMrX--FQ,wWuGa3OOQJro_XGe-GKBXA,4
wd3xoNaDLib8dhQ7BxUl6g,aVBFKYoF0AHuusNssaQpJA,5
#NAME?,L7txS44bvz862djgTOim9w,4
oEvsA_IvL0yRyI7d4lT-IA,nbQH8MXjxqsDzHRNTZ8esQ,5
4Urg4tXL_m6nYsOt34mAeQ,rntKF4Dm9JIJoSNi5XqRsQ,3
Ksp1e9Dw0Jcog_ZBD3-45g,2HxaDXZmAOH6LiuzGgNdPA,3
JU54PFtLnY-zZweOrxsmvw,emFbuv_F45pNkAkre2rMSA,4
jWUJsIt9FPwNYsl3ckJSoA,f4x1YBxkLrZg652xt2KR5g,5
7Oe6ikklTjVBbEFw9emLcA,zwNC-Ow4eIMan2__bS9-rg,4
kC4kfNQPGL0MtERXdbdv-w,yFRrz_OtEBadfakpf9bxoA,5
3yPrXlvbECGKHSZTy9usWA,xGU6La_nGJ7cJrMhbtp__Q,4
DoRCeCcJbrsM2BiAKj3trA,RshUhfxSaLJN421LlEgwnA,3
33v8c5ftrKuDGTw1ZQ2toQ,jR_p2I8h6w5lpf6GWk9Dzg,4
sFJjEc7ytSUV28Y7PpdMjQ,dsf6y5F2digAsVl69VpfeQ,4
bLbSNkLggFnqwNNzzq-Ijw,Ed47ZME7NcLTZeIBUYsdog,3
M4YEi9-KcBV5qJmG1_LGdA,wdOOK3K6vzQy1d_OIk-U9w,4
tR2ogmPd9slOx4C4R0mTIw,VD0zZKG_ZEz_VYlKLtu9Zg,5
NI2glfU_qscu4YcxtI8F9Q,Os1n1_idfw9vv9kwULGJnQ,2
yJLvkgnT2KJHBkgHPKoxWg,cYwJA2A6I12KNkm2rtXd5g,5
Y0-lLNc2Y7gUGXPzSsMueQ,zfQ855VX3SMA_54oVSN5Cw,4
p_fas65QL25jqfV2tSSnQQ,ZilzayEdyk70SoI-wruJbg,3
QJMOgjRYeogK43kyfX6PKw,f2sipaWcMJFr80-Mzf5x6Q,2
3H5Ty7TV7SZvZLa1oTUGDg,OGJkZG-jCRjHRxuZ3-yZwQ,4
xj4kmVaAsLVr5o_6WYj5LA,CiYLq33nAyghFkUR15pP-Q,5
2_OP4c5pIQcM6u4JhBNlDg,LjOBNcNNpuewBqSPxYYTJQ,4
JDEhGFIPAyIMkfHD0G13UA,OQtldLhTbdyRRYSdA5rxRw,5
3H5Ty7TV7SZvZLa1oTUGDg,ZYEZXe0gyTIFT9Is_iywKw,4
VlcasgkqiTuPi-nVT7rEtw,25_aVay1HeeCaRt7_aDaKQ,5
ttzHVh4PCqY9ywvZf5e41g,m2l5Cvd8hXpmn-Kg245Stg,4
mLeMygUVo3j-RgP5XJQi8Q,e41TP5cXZqSrz50xCBJqZw,5
MylxjEKiTeaWb-GAaPA-zA,QzuamBC7eQx8oHlg6n_qIA,3
g8OozJjZwliRYdAZOTILPw,UYh1N1xQhOh-a7nX92xPzQ,4
vX4zE6Plk7lOlSme_U2lKw,acZwHCUMU5jesz7t88fYeQ,5
Ry1O_KXZHGRI8g5zBR3IcQ,U3kygJOTlTQFlfaZS7sQjA,4
7q1EFKcjUTQhUrmjY2ZRkw,DNSDAtD6uxQkoZkQe2v4ew,1
0l3x4EgoWVYdla3CPpAKag,VRwT0pscR5vESCrAnUpNwQ,3
1C4RBKxpuIQFOaBw-3brdg,tRVx2c89coruPRwYhGTcTw,2
2oTG2GrBpikkonRxQywI7Q,AMGe9WK6bxiEkTYNj_cx0w,3
eBoyunRiJb-QzwQbv1-1bw,XJ3h041BMqjKGO_45eVa_Q,4
SVcQ8yqaLDmjMwPRDwQPaA,XsSgv3vBOyOBXn3Co8EVIg,4
kFxWU1vMLdHERF2149wzCg,tIiH7IBu5525MCx0d0HnCw,1
EC5TGpxONfz4IZIjML0DpQ,uF86ZhygpBEGr3CudNemYA,3
zpE_l-246q5K9rNvs5jc5Q,H8qpFitIesth86zqR4cwYg,4
haSh72Q0MsQZUpWPeVgp0Q,0NmTwqYEQiKErDv4a55obg,5
bg9FRc71Daub48GmIKfX_A,QFPS9JBNdOOHVP0C3pSslw,4
NaWSRaSwF8moJVT19tlZbg,K6fYrrTorlpXmqutRcrHzg,4
Zk95TMXDx0zMUhYq5u8pxw,bDtsc7WTwEJZFuvjXy8wng,4
B0ENvYKQdNNr1Izd2r-BAA,gEjHZH--OgwXph03pVdoYg,5
wm61ALFiZ-7BCbX57evHPw,sXYkjcuGhtaYP8yeQPaHgA,3
_w22R_jg5Y2SEii3ioYGWQ,F2pfjAZ_3dMTGCKv6c5wOw,5
y2kxWCanqSRDBo50wiQE2Q,nhIWy8eXayUvDzAz3Ef-Og,4
65yB0ydGXOZ_-T6J_GbKfw,Q2ZNaN3p8s_-XXjBWyY2qA,5
V5Th21KjUiYLJQyV-vGtpg,yiU-3I-amn5_ACEzuWHglw,3
gPK2AKr-UA_7hZus80SSng,bl0GSLa6DvLXCvhAw5DVUg,4
u6DHB83bkVyQheRpJuuEew,uGupeWqih0yIcCg8anM1PA,4
uc9ITBuspRFkl-S3Bo90dg,p3xAyO2DEbiC5c3dW1e20A,2
j8bhSD379qzoVa15RSCBUw,bvow46stEejfxnnqEKTAyQ,5
SerdK2DW_2R7z1b9WU97fg,Ch7NAhB_MWSDwcNbcptEKg,4
jJDUCuPwVqwjbth3s92whA,8YG7PRoZuHeKii0rtNvJFQ,5
bgb3M74BW_BVJT4dJqnnWA,u09bcA8mmWEAusKBudAidg,5
3egcdazws_x1wW35jgXfNw,uIovmfzrCcJIlzfbpj_hzg,4
vuwSLU49A-NgW9S5uAvJxw,mfQfNIb3TYeBSxsN1WD8eA,1
gDmAxtID6dyGkzmrVTNDDQ,p0iEUamJVp_QpaheE-Nz_g,2
TdYKJgSgY2GF_YJnwsi5yQ,A-uZAD4zP3rRxb44WUGV5w,4
3hWJxx8-gMutgaKY2T7IKQ,6ZToSgkyF-3Vl_ugn9AvxQ,3
nOr3_aq60yivqgcso_iDMw,4IGaWH9jUYMtP2uHIFEqFQ,4
WXDj6mmyrJi5q5nHKJ6H7w,HmeRzfULqmvcx_3TRe_tBw,4
A8TRpa--43-mbig73xfhrA,PJPO9AYkt__t4kSWdSWnfw,4
mEzc6LeTNiQgIVsq3poMbg,ZgWjkMSzIV9fAuJJQXSUvA,4
boqxGXXD1_roAd7RSYwAYg,FMOWO7_mj8lSZnV3WqpGiA,2
XDq_Yyg_d8tMZfxL409dVw,OBG1j517k7aZRNC1HAL0TA,3
Nwh2hihkEwum289l_WdQUg,RJZK4XXMXYcu9NeLOWMP5A,4
p6nBKyT9Y_pFJ1WxVEowwA,I8rveLd-dl81u6c8YqAxmw,3
kWj6AdUtkvbzhdsqRifwLQ,UV2Jt8slktGu14gLZeNCjA,4
6pDCqee5g6jFB402L15kmg,u6ylhDrUV1v6g5Aex8rebw,4
dnZGacL1BXD7nlKN6badPw,n8XlV8E3BUBBF1gCe6mvEg,4
8g_iMtfSiwikVnbP2etR0A,#NAME?,4
FAxwG5UGRi0fIIIWJq7eEg,vxadNrpTY7OHNmWsrEpNnA,4
D9m4JQ7bM-or5sw54L5Dhg,Qf7jGtYtl3Y-xIpOxlrAJA,1
rYGi5DJ_54qeoWkkqB21jA,rTZVcJZ8G80i6NjLw0SW8Q,4
MuLPdU0GYhdGWV71PTJW-Q,3GEEy7RP6e4bT4LAiWFMFQ,4
r2R9t9_0Je8wP-wh4-xM3w,D8yYMxz0p6oQnOQnLRUIyA,3
BVUPJ0iiP-PWucOeSssLXg,OsB_ZtFAaLDCPzvlAjHQ-w,3
1hJQYk3NiajdYK58TQi9EQ,ePXn4TX9DkfAeDK8VD5jLw,4
dpPffiVpyLqkV3aeoZqd6Q,xWq3LQw8w4OIK-fSiGwNLg,5
C3wJYcNbb1aA1upSAOdBeA,lhjUxj7lw5f4oAA8ml3Zlw,4
ma6206bmu-a_Ja7Iv-yRCw,K1nwSvx14on6eVBbu5E9rA,4
yCaDISH0R8e5U376zDWTpQ,4RL5ydKIIFpU8bevsOKRdA,4
7S2wwOSVSRn4CEZdtQKG_Q,cL2mykvopw-kodSyc-z5jA,4
BpJWttiu9h5cgxtVkQZGXw,Gt4z3AylNTsEPDkzkaC7HA,5
CxDOIDnH8gp9KXzpBHJYXw,RyTKm8McePjwsL8ggEHOYA,3
dKeYhtFgsc9E24trvx8FUQ,7LLU_dpe7iN97nJzYmTvjQ,2
jKx0XOTrnT6gHiiRZ-UVKg,pSngeMoYShqw5icznsUyRg,3
sdiGHP8vk3QuMTYaVsmanw,7sb2FYLS2sejZKxRYF9mtg,4
7kfJk_NtOslC9jPk2Koz3g,87I8ba2FKYKeXyAhiC6cLg,4
O9SQcbHPynLH_NJnJOHXiQ,WbS58nfQQZaxWk1BUPBuJQ,4
YtcUQ_6xWKLWesEjfF75FQ,5dy8OiWJty9AuxBcBzeBZQ,4
NfU0zDaTMEQ4-X9dbQWd9A,5Gj8twqkHxMunpNJLn5Hjw,4
3mwqzfJCBbYSi_0Tpc_Abg,dTtMrvC0UoDV-3-8diJYLw,2
ObQl16Vuc4sHPGKtzSGNUw,LFs5jyYdXlzi0SpAYi1eSA,4
7UZ5w4eoo3dJOWRbHEaYwg,ygaOvp0PLBYaYeN9cZAlGg,4
hjcOqlZLCvOQvwMdLsiOcw,WF2DG7R_a0EflFqWIxzUXQ,1
WFYg4CL8ZIeeQ-N9m31EOA,BxCzy1WOVxOrr_G7V4BIvg,4
tpq10k8caBbqMbqNwpaE7Q,2BuY5r2GWoai6IAn9FptCg,3
yHykh6VFpsH_V62bRaq3FQ,pZ1quwXnYozLIZIVABojhw,5
mXRg6SXgyQO_nsPr3toIUQ,qjnJFZtsY_nfRzoL3J_UWQ,3
5gbkhlWANGVzQYi_0m3vOQ,1aVbXH_4uQCTQU7HfGmyow,4
KbwOwQZTOfrtaeJdmucALQ,eaNenRk_liZBERFFLCXqqQ,5
bLbSNkLggFnqwNNzzq-Ijw,eHXUyMf64ynMzHaf0LdGgg,4
TdYKJgSgY2GF_YJnwsi5yQ,4oxLboB6UEcBxRwEjMrXag,4
BA1cvK6jvpZaXODjUMHhYQ,z45xS0Kc6GpiITwrpkRVdQ,4
rNjgVKaBh1PlUA6dYB6EUw,L4WsFJS9sGwn8a4QlRBSaA,3
_hmAJ6q9c7NVDnTgbrrTiA,dAkg4Tucp7b5AIPwkqjAGg,3
bLbSNkLggFnqwNNzzq-Ijw,r-jaMF7dyyaiOXlcmQJRdQ,3
n0r_0HkCFaC175vXtIVcaQ,5Q95IfYIbP6vXz4wjtYWFw,3
bkZm5pMRKzo7B5IHyAVAUQ,UCpUOtvqR-NBWBNVMzJleA,5
Hw5riZfnB-B7G79vBTOssA,sdYkVaTy7EJwUkO8Ie_qPg,4
uLQJAaULt91a263PsRyEqQ,UNI1agsPX2k3eJSJVB91nw,5
YCkRZrpcLi177y5wUSQX2w,Il57BxZOdpQEnWGixNrLFA,5
V4TPbscN8JsFbEFiwOVBKw,RwRNR4z3kY-4OsFqigY5sw,3
xhVlmdU1sPVH6GBJw6AZtQ,rqcknDxg8lZAFN76YU7-BQ,3
JgW2N6iok_iBytH2A3v5sw,4Odbtgh9g8XUKorRg7MTHg,5
XU-JR0vGW1_O5GmNwZ0bfQ,eh127ASMZstrELE0K0XADw,3
JYcCYNWs8Ul6ewG5kCYW4Q,QiuTcA0bKQMCyOFBFJZ58w,2
TbhyP24zYZqZ2VJZgu1wrg,DizSoX0FqH_EvXSHW6wEIQ,3
p9c15C0TiryLJKobzwPt1A,olmCDBoMF-EhN8U2livBSg,5
mY3mROf28N-vY1fpR-FFUw,3kdSl5mo9dWC4clrQjEDGg,4
Ksp1e9Dw0Jcog_ZBD3-45g,_Kd0kQ8RF70hJ1ykLqCRyQ,4
dV4RJbS5AARppHnAFAHUTA,7HrCELR6uv2HkgL7aT_hcQ,5
8Ox2EA8A7FVSzVEM3TRn7Q,0AQnRQw34IQW9-1gJkYnMA,2
reN-Y7lIjv3VW21I4Z8WHQ,1GGLx6k4SgM-MykB5TTiJg,5
QaN-nccbLZPWzownQYgTVQ,dUxnPaU2S67QQYpWTSjqTA,4
kVAy8nol_GefMbR7awm5TA,HPLB1Tr8ZB5UkD-2umKPdA,3
XE36pmSiByd4YtSiPkn9_A,ZtQ4u53NHWTg-hQZhED88Q,5
3gq1d-Qiyajk5TWq9jNytA,rcaPajgKOJC2vo_l3xa42A,4
LZoZfNY8HNlIqJlNqeYVmw,b-wEkSnjS9VSSymJI7Z_5A,3
kl_yCsj4ESbUphmpCfVvRA,CZhc8YXdFLhAI4ViC2ERTg,5
dF6j86LQWN3RS0r-Oz5Q2A,sxNMGQwUuaDsviR4BtuX0g,4
52MlnjkvSLLqKKSRrbrH0w,ICC-Xz2oqLHfMti8hRy4NA,4
xVfK4hxPqr57SRleHT1U5w,szWZ0J7zYdr1st8pqcKyVg,5
rQLEfpfSjVK-3dBmIMKZDA,f4x1YBxkLrZg652xt2KR5g,4
A08xF_ykmsWQV0ypYA8wkA,1oxMj71XiKQjCbRxECzB7w,4
lWwbztYfXdAV4Zey2exqZQ,dU7SLTS6_HWo1YPHZ4DmOw,4
hqr0F0tU7CFCISxfEpuk1Q,rKYDQ8VhNO056xTflf5r1A,3
gtuRablOmw5O08QoKbn0fQ,07AZL5XenCQ_-op_onKLdw,5
zCnJQKvZgET4llBbJD1aiw,n9BrA1zIwlbiP1hLAc24jg,2
uC3Q_kk-pSVDv_446401Fw,vyQD-pu9jFKRXWI9tt16_Q,4
AH3OZj4glpss6xXpOEHF7Q,OOXUDZVOREgjwrLiwr3Spg,4
eY6TPklHTeOaQt9F8a_SGQ,4gCyDvrUAGGHgb55Zjsh3g,2
uBHRgjD2xy77JCVm7CwmOA,749MsdV9v1SijXaLrY23pw,1
1bgWnqxHdMCIvmuRcJWKIA,1PMwRG0uWGxk2hIVEQj62A,2
1pqyIOcWh-EEHOR9AHUkWA,#NAME?,3
8d3sjUvNdekV0BJfxgjQmw,zzUj3ej4vm_DtvRxNvWDEw,2
qNeMBnzJc3Kwk8Z39TDZEg,TlXeOFi1CRVZTAPMIERiHg,5
lN400ckm9JAMqq5_nsmBEA,L8rJht4Jw_BuR8gsckEWYg,5
rLl5jjjUK1crVfzbXoQrTA,GcxE5hK_TaHP4EZFDYz2mg,4
Z4LjGuS6LGmSijnRB5hZBQ,VlnOGlkwsWaWqyzDxvMMMA,2
FoCkGAce6Hjy3mpfUSq-_w,ejpYxAVXIaeGUGu8amY0gQ,5
SXeMGP5lNgc03z7cl9Xihg,X5uxdU9GHoUAqo2wmbg3OQ,5
r365iah2e1Zm2ickWhHhCw,oifLVUuyXskqc5eUD3rr3A,1
eRDWzHCldd6YXypRECvHYg,SoUlHQO5jZf2XFHr8g2CTA,3
w5bwTIjGTebtlWEEAxfKhg,_jT1b-OdicvJ9LyKj_M1Ww,2
BI4jBJVto2tEQ0NiaR0rNQ,ht9Z_l_Eq4vx-SFsltVlaQ,3
jdqsQJqWBscCleYK5EhNuQ,WKH0JEGNNqzzYlyAjxvGJg,3
0krIXTM-fNED7ozGt11UmQ,tCYAxj5_pV4RnDpe3_5VpA,2
WaAOt_eG0_-yLpG3fI--3g,ccFhPJfsTgkaDmWF9tSpxg,3
qvWEXDJj5ctSuj4A5B5EvQ,#NAME?,3
Kj9cFO70zZOQorN0mgeLWA,#NAME?,4
DUF9LYMMCCawUcnzzXDf4Q,caKRXynM5bY922pGtQhvfQ,5
Bim-SoK8wItqFC5NqnN_Sw,nhW15sjjDr2C7pd4Rf0Pkg,5
o1Y7kEsQk6GaloUlLn3OOQ,zcScEL0WEdFkROcnz5379g,4
Wx7cbLDqYEL3_aVZwh82Ww,gy5pr5bFAjOL5rERSdMCLg,2
0oCX_noDIESiIHKf7Sly1w,jLxeBgWhLRbII2ACkgH1Sg,5
0uNxhZAFbkalQImzJ6UDUA,ts_kVtBEAJsdmdoqxRDdRQ,4
ecz36SJvMT_zjiIJ-K4KfA,Orgm9nmcClxnAUva4nOKyA,4
iYpP1bb2LN5RJaucO4Azlg,dYDuaXVyIXMXlmeMYf2ktw,5
R5NR-spcs5frYzLr_liadg,TT658qQinO6MBHP9q7rJ8w,5
o5PjjS1IxZ8rvBKSFZeM7Q,ChQmxnYLSVIQkL8Ct8z55A,3
mm9WYrFhiNqvHCyhQKw3Mg,e2ng0CQ69anIawqIKzhtlg,4
zgo6ehbfeMOcsG9bgofMNg,7z2x16M7IuG8KPfMsyVrKA,4
dJtFy2jc1R5cSBab4BLORQ,ZibmYdOPKLlqDM9oR6xzOA,4
mcq1qdkjI7M-E1BXeFXstg,87I8ba2FKYKeXyAhiC6cLg,4
MlhCUi0mqIi--pWlw30iKA,h7uxML49NQ_Wj-7zk0DSqg,3
RlpkcJqctkKXl-LO1IAtig,4obS0iKET7Ho6pz5187zhA,5
L8P5OWO1Jh4B2HLa1Fnbng,l1n4MY7a_O2gif573lRWTw,2
qjYXOBnladFYhciGBSgAMw,ro-4-3USXvGKnp07BrxSKg,3
j-1qkha4h87wMfNfwPvfqQ,aSGCy2a57p-vdY8pHVu5Kg,5
8NNaJaSD60s1rDHPo4laNQ,VyjyHoBg3KC5BSFRlD0ZPQ,2
0C65lVj_ujVYDs7b2yYBAA,uwBJlA27pNywYTlPBiSqVw,5
k0QpEqseu2y87KIHyGVlzw,m4PW-GMc8JOU5nmMYncu-Q,4
SVcQ8yqaLDmjMwPRDwQPaA,aYTiyhUbc6uL7jSAXGKhrA,5
2HchhLgGj16aITZGVy0hqA,JAmQCmczUclNUfZjkNdjQA,5
OZWskTOKCWvYejhu63gFmQ,kGOr_D-LNpgZ2M9N8TT4QQ,3
eW7qAZxv1A4046LfeGJ_hw,3uC7Lbc3RgUDTWQlBu4PqQ,5
VJ6gRN2AGplIhnyVA_mMxg,na4Th5DrNauOv-c43QQFvA,5
VZx_Tqu2WPgL5-A4mViyJQ,a9aW5e731lplWGHUZ02-zQ,3
BlmH9A3KVAGZV_E12SgVRQ,ValXhpMQun9FARSIdpqQKw,1
NBNIUJj60tVBKvWHhy3egg,DgE8JqFcYgp2SrjSKb3Gsg,4
q7kb0GVCWOdORhOrRfkxbw,0NoHJtug9xefI2OnsANaMA,4
y1b_9KmwNUWG1AS3CazFLA,vjhB95c5nOXflNoyq_jKzw,2
pwQ8E-hbDUJe3qtKt_IBBg,UMqfeCItzQ2glr4d9apGlA,2
vnfzCOi1ldx8lDMar1lh_A,VLfqUaw3rXg_aF4NfZ0L_w,3
hqr0F0tU7CFCISxfEpuk1Q,VvvMc0CsPx8KPjm1BHt6Cw,5
ndQnATo5vJ-x4YCIVOUAFQ,Q7oKidQDV52LEPfiwizSNQ,5
mySDXsBhY3u0yI-G2oVDkA,ZDvS8DtnkYa8jY703MflEw,1
JQIZhoQB-Tg9hdBEj90m4g,TW58a4UkMcksdfQ7znUqsA,4
CCWeUsUzgoF8XLenbNeICA,sUXs9ATmb423TcxgtMalzQ,4
s4cki7AiOrOjb5r-ZpbJUw,ZLNNXEZaCMhXuUovRTIGTw,2
0FMte0z-repSVWSJ_BaQTg,MROvBxYb-Za3YQT373qPsg,5
vtoiZ0SFtO51-xvEVTdIYQ,tjw1yJdmatifLYHbsI9HGA,4
EG6qatWgJ2WTJnzBCCH_Dg,LnnO7quTjjdTUkCshSJnkA,3
jx7w1ztxqpRrA7pBoOfu6w,EAwh1OmG6t6p3nRaZOW_AA,4
9ks-80ZxeCZWNObzEbW4-Q,ewWGrjlWHkXXBsLinpauKQ,4
3nIuSCZk5f_2WWYMLN7h3w,oVTvVdJiaRAwBLy6HUxE8A,5
aSiDSB43CPHwyE3LACuMvA,1WtUgLhdBdQ39aBvEUbsnw,3
Uw-v0UN_g_oFvldC7HWXMg,gqGvV1NUVjtLeiCGV4NpDA,3
PGx4HvY5joEeqXzam6tO7A,7vvliv5R0MD7BQ2CsquhcQ,4
ZtmD5tIICT5TW2lgHw0GGw,oMcKvfNGX2HleFxYg1VGqg,4
Yl7OYdHuYmr7K-IW9_ayng,aRqxT28Tdz2aDiZ7Vkyejw,2
Lfv4hefW1VbvaC2gatTFWA,FJoXrkLaLh76MgHXKdJJFw,4
a48HhwcmjFLApZhiax41IA,IMLrj2klosTFvPRLv56cng,5
8ZLAklUl3vS9cnlwpv3v5g,6tTv835MSguUBDpDtVRvMA,4
7fZu8ud7JXFthU0jPxVf4g,yFumR3CWzpfvTH2FCthvVw,3
KvNTqEG5tUDyrhX4o7NENQ,k6zmSLmYAquCpJGKNnTgSQ,4
53QaFbmZojYK0vv3RQagcw,ycmlMco3w3A5D3Qeqk9jyw,3
Fsl7fnXttgugpoyuCJ0zkg,lrm8hNDtwd5Wd0tVjOgCyw,4
b3xBVUUx7EddntGDmWLXMw,PJ_a2Ba2ZtztebTC9WakWQ,5
xGRYUU-o_xJXjfOdVX_pNQ,tvYID0arhN-shKGUrC1Wsg,4
_oCiEDUZqu91P0Tzdl_wMA,SAINRBBSh5WzyfD_5-wRmw,4
83zQAHCvZGYgm8bjQoJ5wg,ZPVM-AgASSPY7OAuzezJ4w,3
BZPycUvKS65gIgftMF9pCQ,zaw43jYgK4BGuTaYn37qMg,5
8la7DygWKVkfpDatXztktg,TTpgjbrSyxwHHzE5bIF-Rw,4
bIXj8nZWd9f3vEHzPUJ4lg,7xA6iSP0Ndn08tpBFQtUKA,4
HlsAHUffNbvX3T-R-ArmQg,2lcK3d4K7FU6O8wXdWzOmA,5
NXn0RBMGCkKN_lIy7vkmIw,gwYt_q3Ob7aQJIefIBsZiQ,4
kpGq2TvFxu39jVypQ0wlUw,6oq1tUbRkfC7Qye2SrdxMw,2
xVfK4hxPqr57SRleHT1U5w,sk0stgY4NDJYOX1MbNJ3Pg,2
3kKfcfYKpNjQAOhhB5l7Vw,N95IG-T9bbR2iNL9_an1SQ,3
6btMczuTVuoJnmarbkWP_A,PQ6pDjHP0P28D3CY5UNxDA,4
WeVkkF5L39888IPPlRhNpg,5XVabANkehj7oH-Z7YZkwg,4
iqhra1MRbjLWxrTkw4yqkA,Tp2jd64iH0v-vjEu2OWjyw,4
nEABfoTu6n6qvLRD2_mX1w,fMdfTMXQBioNlfcZsD1gOw,4
t-YzhzJ8JV3sFf5gsu2rbg,sH3UsolKjik01u0HlQ9_0Q,3
u3OCn-7UTb2g_zIRXwrJdw,woXlprCuowrLJswWere3TQ,5
3uWCWMWcrn8YSH_qBvlr6w,NDuUMJfrWk52RA-H-OtrpA,4
NHM8o6MxOKiRasbRS0oswA,uAAWlLdsoUf872F1FKiX1A,4
2xyBKyVe_Rf5cZs1nKulXQ,qNSZpcyoF7OM6g49sAFUcQ,4
qZa2urX00YWHs-jRcWgUqw,fGurvC5BdOfd5MIuLUQYVA,3
aNmrSw98PhdvZkLgxP2PWg,84ezTxVxTCmI65_UeYRJcA,4
gyTYQo6Cn4BYB4z-McRDaA,ogCsAKIXDEb294Uvg_rMTg,5
uDPgnEv6jZa4CSv6NX49TQ,3-i1qd64K-WLo0fJ5wrbbw,1
WfbJKGJWj2yQ50XRku-OzQ,owLXnEhlMLsFpemYoOxNkg,2
bIXj8nZWd9f3vEHzPUJ4lg,2d9RbgRtHJyTRzY99GBNOQ,2
#NAME?,vbVJzKDhHlhMnKRpES5QzQ,5
Jt9NqGyuZkBsDp3sjYFe4g,4RuvoRz8FecCb5lVCz2uOw,1
gPnezUoB9AcxE_qeBR_Dsw,#NAME?,5
ESBXYiZQJcXNNAvRki-IiQ,RNi6tW22UMgHwWLAb0mYdA,5
yy_KQA1FtwilaG-7LB4BgA,2ALnrUa1_U8JHNgscad8OQ,1
lmM7OAC-ZRGJJu_ICXplfg,XmsBtCykUtObXg4Q1mYpvg,3
hZfzVrhsCQ9JDAb2jYoJNQ,jLxeBgWhLRbII2ACkgH1Sg,5
VLy6l8L72adD7iTBNqiPXw,rzheytqZfgUGDGrZ-pfLOA,5
swx0FJkZWb6nVP58ZsMl7w,aEZ_EoArhpjV2p0q5MXFMA,3
bLbSNkLggFnqwNNzzq-Ijw,jDfX74uyLQpHufvSa7zwMw,3
SfY0jEFqBkrqq9bVi6P31Q,VMXl3Dm1Nwvgwo1PVYTXbg,1
_VtgrnnPVIE3ahJ2R8RW6Q,ZpPOiNYi4AHNneI7uco7GQ,5
adKonsQWY64vJYglPotH5Q,MyTsAeShB9pcWP84GSTAdw,4
KmHtoogKhK-ID7FWGOPvag,ckLk2nQiTGeVgg62JxZGZg,2
AKqMnr1bEFIZDG_zQzX8sA,lpxj6LFir23Ds6swW8a6fg,1
oSkz7bxTAoFJxgDGP5wJHg,c6f8wBjPLDzyubEBqgcMnw,5
8apKnC2iVfWnfB4cIgUBMw,5CXhRir3HAsNYQws2u2aTQ,4
XPAJ2KHkCwBA0vafF-2Zcg,UDk7qUVIetK3Y3NuARguqg,4
NhgU7RhuYYFmpkb1jlYJ6Q,suQugTjSMYMIrK5fAabC_Q,3
FREeRQtjdJU83AFtdETBBw,7YYrZ9LgjpKLTtF-huhJug,2
BbwldZQM1i89cAvV7fce3A,rbcfYmJtqwIkk17IeOI5Kw,4
fjFYpwpvlIlqoiNa3myDEA,xtktc6OTdtilAREgJH-P4g,5
FvwBCzmImJXlDWKhEvc9VA,HJQw1W4ajzbuyfRlPos_Og,4
r2R9t9_0Je8wP-wh4-xM3w,7vHvQCjPq5pWj7Rio1A--w,2
uCdmtWpEku3xLa-ScQabKA,bu_vAwJG1DHhM5f6ePjXog,4
Sv48jgljDP-CRfXmU8uSgA,zwNC-Ow4eIMan2__bS9-rg,4
_5uUOcTyKK1pQYwAL-Xrnw,pWLt6ID1HiMOp9QLNeuvIQ,5
M1iMJ-j8utBDWNgpTfqBzA,Err-UlwpMFaCIQ4mAVxmzQ,3
M9TjYmTgHayJ22cNkyvW_g,VmXRkH__w29cSYtlyGDQjQ,5
hy4uEHgITEfzxrXzyDhCRg,gp0lkqiaQ-LQFUPwztYl0Q,5
kpGq2TvFxu39jVypQ0wlUw,O66Zy8Y13VBm72ZDhS4fIg,1
gtwM4ijo65AN4DvXdgCu_w,rIeXMt92PLNjZbemWKRXcA,4
xDl9ZF3SckkZde_48W6WeA,F1odkZWmcXGylij8HjRq6Q,4
vpSruwUEfZw_TyaTDHEFDA,Bkf6d4VZdRXkSUjjMViBvQ,2
IbwI369hSb9lkdWPeAYmgw,3gdjVkNeUa9piW9H708Aig,4
zBdfduwvbKUy8tnDLAM9Xg,LJt-NO2FhvQxTmBoaaLhTg,3
9pbOJFanh66_QnIb5Fjblg,K8M3OeFCcAnxuxtTc0BQrQ,5
2K62MJ4CJ19L8Tp5pRfjfQ,mhHkKNrD2qgDYpnFvFGITA,1
LGW5ztX37Fpl2oRo0cawZA,avkOIpslBUFZMQhELpl3JQ,3
uy4oHzC_4zqEAn95Kv27Ag,yQab5dxZzgBLTEHCw9V7_w,4
v9FT1O5vdOHlzOYpyc-Y2w,1_jvFRQjcRVfd9LdOLvI8A,3
jFY8cEqe8JPPUoCuFqB7_g,Cf0iV72DTqR0ggBje2d0sg,4
mnoe2vwouRADn97dTDkw4A,OK0ba4X5seibH8oMWh4bhw,5
hTZb1INhnCG8URaFywVoYQ,eJKyhdP99iw5qmVrwJvp9w,3
Xma4LfYQLlygxJ9_D2oKVg,rjJM4xHdCKJRUpovQ-msAQ,5
hqmnMdDS-Opjp3BfBJA8qA,tTzQZTrwBgwxMch77nCJfQ,3
JktkPizuRAA32z-m1UCsBw,ZRTKCVOqhcbuY1RyLwhvhQ,5
b4ZbEEDbCPT6pVT4ImJU4w,MsJIYsIc_2kVf9xrfasrgQ,3
B_4cl4IGRqYb0wQSe-rYjQ,u7CxxEzx8hvjoJ8onN4zTg,5
ePm0UDfRzThVIsIK5gSp1Q,S5c9C4BxutxPwpwYm5Aexw,3
nefYrZL3vAdTd9SBPf8kPg,WKH0JEGNNqzzYlyAjxvGJg,4
W9MPolPlUiUEXYfGnYiHEQ,2BuY5r2GWoai6IAn9FptCg,5
RkLluG0LGXiJgf2i9dGmDQ,gldPX9ANF5Nic0N7igu2og,3
17f-n5Rouu89FSKuc4c7xw,3kdSl5mo9dWC4clrQjEDGg,5
ldqh2aWLTW6D2RHDCj_2TA,qTTBJ83d-nWSnQpXyd44gA,4
ay4M5J28kBUf0odOQct0BA,IVAI4jFwRANbNCST-yhAHQ,3
46-qsKjqR4vptCIYrHH1yw,-95mbLJsa0CxXhpaNL4LvA,3
f-ysez9SJSosLUON1BihWg,aV-f_elvNoDG-yC6XJ5NKg,5
q_GNUKJXBlMnuezCaxTNOw,HOlDxrYqfoJrVq2Eo-_LKQ,2
kmE8w5Y785eZmodsx0V6Ag,rcaPajgKOJC2vo_l3xa42A,5
g_zeVgyExnemji9VPX0dgg,d3zW_b-JWlxMneNn7K9xew,3
SJuSiO27FTKi5qKrNDa8Lg,1BrIPwRhJHOp6yBwjoRtgg,5
fhAk9y00oF5yvXwn8gl3JQ,7l-CCyNnvT86GMR5EtYjog,5
Vy_RM0FrXy4o9VZY04ozHA,FhgAHo-8--equM8w5UZ41Q,5
0FMte0z-repSVWSJ_BaQTg,yGqvmPtlFZMPhLBlNQyggg,5
3Vd_ATdvvuVVgn_YCpz8fw,DLJCwHGtbAV31UQ1lnIjlw,4
N7NnC6-q0O-Gq2n_7YJkNg,hzyvL2v97xLzLbLXcdi1uw,3
D4bRlxV6XaP7eqCeB5iAhg,PXShA3JZMXr2mEH3on5clw,5
8Ox2EA8A7FVSzVEM3TRn7Q,wuQDMDlqM17jQNo0lYQZ7g,5
JlD8asiXfY1CoGy3VHFRlA,dWwvaWgnfKQ8dFHTSgi_2A,4
iJp3Wu-pYl7osiYqz1Gv7A,3GuqcEYaF1d1WXcwOX5xPw,5
Hd5h-uSjhGzSmH2GwFybXA,zdE82PiD6wquvjYLyhOJNA,1
9GyTNxzAN8UxpPPSTfei-A,SJU-jRAZS0cXoBGUjX5GUg,4
7i5Jeswvu4m9n_ZWghInog,iS4vAqIpAv1T8QFSgu8Bbw,3
fVILhIglx6RNOXQba5t4kQ,1UvrUFk3BXAmueL1KQaKPQ,2
KbwOwQZTOfrtaeJdmucALQ,RDO51EhaqSt1Psdwcwx3Bg,4
Eb6TPevViIzBy8ApjPtuqw,m2hz26KM3kLN_AS5CcEjPg,3
dnv5UpldAE6UITDcMleLVA,blBZJ_UbVb2ieOcktYRuZg,4
2P1iY6SJEOirfuHpJyNUFA,sjxNnjKwWn7H6QcsAhhXww,3
iopwkjwc1WnK_-TT9R7l7A,JluBdtULf0uQADj9xq5YvA,5
JPeToWUwXEiwQGPSgNgB5w,NnOAwa0A2tNPnZl9IHVLPQ,5
rRdhtqePilOUbSjIJz-h-w,oxeW1tSB-e_oIzCQZtqyTw,4
mdmFPUq98OtP8BQ4fCs8wA,tUjyGFSN8wQqLgKp5Q0CUA,4
tNT5I9-QcljS-7w_doXCXQ,uh9NhQhOs6a0w3Vhk0xyvg,1
ecz36SJvMT_zjiIJ-K4KfA,u2ETlHOcFdRz4BxcdfsK0Q,4
ey-4MP3wXg9byW4QFj2_dg,ja7zjowr6ymsVglQXZZ6BA,4
tbXJ3fghWpLITcJcmjYF4g,emyCP3Ry2SbpNrwRAtm9PQ,1
Q9mA60HnY87C1TW5kjAZ6Q,ZztPR3OnI8hlKerG5e72hQ,4
FTsRfaVbDUB6Sc6pL-J80w,kXl44keW3wZaJpjEqHk30g,4
kroQYWSj-BhIEXT4VwLRHA,CIdyd88FK-4-YaEFo3Ht6A,5
iPemyqGqb2bTzZpmLKwv3Q,VqT-IURXmVS_fVRLTKxTFQ,4
0rDG0uZHpqxJbdu-FJ3IgA,0LU8TLoYmMf6_ujYMPFGJg,3
sCelgwFoaNLMC_A7Y8usCw,lwxYmWqjmEZ0ukCsXC9Pfg,5
P9juBjTdlzDlrxb6uMqSug,lun-Ud4ctC_Khe8N--n-Kg,4
P3B7FfBpXERa-KdxwIGkHA,sOz_dQwODw3DAu96QTUTCw,5
6CzDXsYJNXLLbmDAaES4tQ,566Si6H4elSwGXsrQDjXdg,4
Y25mIDhLGejPhesctfEg1Q,566Si6H4elSwGXsrQDjXdg,4
AOmYtTcKe0NHtTgX9nbGSg,0lQeZyb_jLHf44yBq7V5-g,4
HmYj8wXXzzmc80DIenufuw,oM4nwtYDw5Ml-hrJdgv8TA,4
YhkTKKMo9UQmdcxx_umxPA,X4QbkHl7pOTVsgLa7XuUBg,4
TaJ3hRYUW9Z82HF0qc4hFQ,Xq7EG3ldXwZABDa22BQKAw,4
kzRq4H_nSf4b3F_sdymWSw,i9D9xPBV0gR1Ja9kbY4NCw,4
rE8zEf8_M6OYCabKvE6Ylw,ixAh9crILnJ9tM8LhWFhkw,4
sT1QAsSzEY7r45nCYxCtTA,NvKNe9DnQavC9GstglcBJQ,5
5gbkhlWANGVzQYi_0m3vOQ,MqYYYNA-ZYvV-1w5qcmMoA,5
wffnrXJoLppOlvNOZKU70A,Yewxcf5-kbESoS5r1l-1AQ,4
Ry1O_KXZHGRI8g5zBR3IcQ,0E4I4sEa7l89AdnDF-wjLg,3
D0NK_--2_QUMMrHIsEMrTg,zPUjrM223oSulvRRhpkAmQ,4
ay1vHGcKovq8tBeTvqJ38w,#NAME?,4
Tk_FWXueutKii3f9yJFsdw,8eSmXnZG0N1GRsqiFeU9uA,3
4dXaa4uHrVqpOn1f1zkCYQ,DbEszO3wk1xVmN3pCPob2g,4
1yv6GXttiII_-od7HaUcfA,o7AiTlyWUrBSzdz6oMHj5w,4
1J2YLZC0rAZ09vJeZ8UhFw,wRY_ZJU8-z2QWTqtgoumGA,1
r0j4IpUbcdC1-HfoMYae4w,MX2OYa2sS5ys_6AiK-gs3A,5
JDEhGFIPAyIMkfHD0G13UA,VawD7unTvrWLF14aYkt98g,4
DO3TIDmqypuGlwKfpZqG6A,iT9KMTR8NqYwSCW-zMUOxw,4
GLFFf8XbOoRJuxZxGfUd8g,2JU7FRlnYgdRauYyFzHSLA,5
oK1v-yP9ygKWg6M19wWYIQ,02pL_Xj3sTO_lHcWqUcwKA,4
4m9NXICYBC5i9t4aTt-I6w,qYdpN-NsF3pEioxGGjbKMQ,2
wi0d3o8tU6ahnUllJ3332w,F0lI9okn4pzmN_iq5UqF7w,5
qlC607Cyp0Mj91vDFvkp3Q,ZLNNXEZaCMhXuUovRTIGTw,5
ejA3ISqJ0-XltI0IFwb16g,K-tKnqhblGR7K4R3roKmqA,5
gQDLi67PvBxEWsQYAcyMsw,0WPXDs4ini3D7jpiy1Daqw,2
cqXXdLyVKlpckdu5odG5sw,O1ird5yRyuDFnOmYu90OoA,3
CZnuW6YeZg7ZIiTbmI58BQ,ekeeDLrKDk42Qi8IyxgaTQ,4
lCfvxcfqtWvFr7RF_UedQA,IqCvkoDvvImXuzGrpeiDMA,2
3KEHmthOP_mSk40zJ4gANA,yNVcnSaMSrTmjJBMrHTy9w,4
eFQPgNR6wbHFZNgGqNP04A,PIXl4WvAqjl2w9Lj81zXvQ,5
V4B7E7pFlTMLQIp0nQ4UAw,6wwz7b5xehEilPx98ZnZtA,3
6gLAjpSE6Cw092SGqZliNg,8pmGz3Lg4f_r7HdDZPa4dQ,4
qb-8RrNbVj-3WkXYuxpi3w,zdE82PiD6wquvjYLyhOJNA,5
#NAME?,JuNt6TkuBrMqsljkenCOdw,3
LDu8Kn3k1CZHY5sEq3bLPQ,czyhvf93Txsfxdxqcm16mA,4
QfFQvV6tcSg2cnbZORK3sg,y-ytZFbfRWvYma9P4g7AYA,5
km3lnJeuDtQrtKxyU1Dwfg,rH39kXAevsXeD-2HsmLj2g,3
J4_8iAZe91bHwp9hOAde9g,dxeu5YQIzw0jOp1cSVkimg,3
zZy5Jljx7rEvISiJ2isJpA,Sal1p68qpTKkyd4Si8OH6g,4
PSI7wvuqEhhV9Jh_fP2eZQ,9UVkAmyodpaSBm49DBKFNw,5
UmTMCfPlhA6kJLAsLycSfg,d6G0w_e3GaA90NSQeovShA,4
U3JxaX3TySooO7JHndcnHQ,A7gK6ZrGy939Zo43xNZcVw,5
dJ_AhP3TpmZblvuLgz_r5Q,GG9VcABDC1hDFnjVi6q5Fw,5
PomQayG1WhMxeSl1zohAUA,Fod3nLJ7dsW2m8WkavYk0Q,1
f_z_JtNybp_0d0eWO75JUQ,pLMPpaJ7whp86uL_3ezwMg,4
fMdgChfFv_fI_HRxif7T_w,XxXJat55Oep1BMzQ9yJJhQ,4
JfoVklSFhaOpbYJdlmXODg,99j5vhhtFJIefXDLsmA29Q,5
P44rMHIMlDNntn6vDaGi0g,je-bXfsQce0HiKb8PtOrVA,5
kZJWAY828P8QZTqVYzhTCg,iCQpiavjjPzJ5_3gPD5Ebg,4
uvkN1gf9VyVArxB-8qAaoQ,VGWEpMEkzQopS5lUNd06Sw,5
z8wN6EQuw_JF-zTjcNgsLw,fmVKBldrSIgFPKigYcu1Uw,2
I3E0WQMyDhkvfrLHVot00w,7y4Pxm63yetTE0sMV9c1cw,2
XOgqs74hkbXT54mSp7JMRA,5sn_YouMZ1Ip1WQud6E-WQ,5
ocbXvj2OthwsLfQmS6APSg,eigkQ_PuRON8Se265NqQDQ,4
iCXJ3gO2GhopYHmfmnktfw,rXULENMtBohv3485zqG0XA,5
WIu4IqktLQ6Qm46L5r5Baw,8olG8J91NG_QU92WHG5QfA,5
2bHSZhM0huV8LRh3YHaOSQ,W-YhRJOSezqESSas-oLArw,2
ELfzWgdf64VBLi5z1ECItw,5UJ8c4OL9QF8g-sOoHhcZg,2
BFcBwoxpkKGUIeUzOU0rRA,aHRwaqenQHy98AwWjbHvdA,4
YsL6vAU_COmCnP0iZk0PGA,892U_SGiBR8UODoxczxvIA,5
XZxLsPuQKziCnuF9PIF9vQ,NX1281ugzs2navHAX5X9cQ,5
cviyGIyg_hAa8_BZ9FIFRw,c-NXKTJ0jrrusTPxJAUwvA,4
y3FcL4bLy0eLlkb0SDPnBQ,3WRvQJS9GIBubGxbHMzX2g,3
Dg9VkLxxuN95K9__sX6zeA,Gaq3S9lmjXVcuDCZ8ulppw,2
ILe3tzgnbGSaZfpArtJdjA,hYX0z2C6Th5XmcrKOP31fQ,4
BXlQO-sD4R1DwXPpMwd6JA,77h11eWv6HKJAgojLx8G4w,4
dERyXf-mY20O8yTJVK1diA,WfDB6grqF9-1bOAP505Lqg,5
6eCgSb66TE1LeiWPPBPnTg,xrFL7DL5SisPMWDarg52pA,3
YOOsYiXGEtGFX_wSeZNcww,3RlylOY452bA8rwliPUeUQ,2
Z9a1tDT8fVI75qXYwNhPpw,Sg3cmZ0DSJtcaJBLZFH8pg,5
PQAR1z013WjtH6bMl5295A,_JbuDLG7SFEtiCVDT1M0CQ,4
s7eI04en5to4udzesyRNPg,9wjTzw8bEYOTQJk41V8WQw,3
hAi-sBBQF43tQqVMmEqVew,yhjyC0C02oC87__hK6nEeA,5
49K6GNShDqaodhkYR8E0gQ,UCpUOtvqR-NBWBNVMzJleA,5
XAja3Ed6Fa_lwZl_7tb9aw,B1X-D4mRW3VjNUUolPDItA,1
mBEwJXNl_iyhVjxpZyKm0Q,FvVSy2r7_zDEhZWqLgjXNQ,5
n86B7IkbU20AkxlFX_5aew,5T0h9YCsXiDZyBsVIN9gcg,3
I2K4dZgIyrfvgp63fyjs2A,gOBxVkHpqtjRRxHBIrpnMA,5
TyB3r6rpeLhZNDi5AKgLkQ,sMiU5teXMX0exFKUNwiLaA,2
SbdrkMeBUiexjkzNaSEQSQ,U4NqED1vTfMvS8MeEpBcLQ,3
dwFgmKO-PzJalyHDSGAT8A,gy5pr5bFAjOL5rERSdMCLg,4
u7t0AEo7nJsV3bLGY_ndTQ,inXu0sfSxf7PF4GvWTfbEg,2
9PODl32fViCXhN4NxBdGPQ,z5J9U_HU4iVLwaCH6rdC2w,3
_ijx1PqANQVFLGNWCibdig,S3-Zmeg2FALMsx9GhHJ5HQ,5
2uECxJWkFhekoPkxVQgTsw,f12Zv1B9crmSW58iyTR_mA,4
xO3EIJR0QNzM3CdajinWtw,Axz55vNN-HHUeXpSOodbeg,5
m7z-tX6XDZ27xGhGjnI21w,#NAME?,4
n6MHPdHIirF0qDboxcDvIw,lKOvx_aAXiXQGooZ-4bq9Q,1
#NAME?,XNWXyFgCGaAwvg9QML2Ypw,4
JtpZw-NLL5m6BNjd0LPQVQ,vl2IZrNJEA8npSjqXbdwxw,1
6ueevtufcbKSu9ZT5DofvA,pgomg_u3H2RtEVUYUcngXQ,4
M3vHHg7nYbR1uZexEbxd_Q,uvWcsnk8cnSzQg9_SQaFsA,3
DjcRgZ0cJbf6-W2TxvFlBA,0_aeYE2-VbsZts_UpILgDw,5
2_JZcBO_KLAgxDQosHnt5Q,KjjNv4YFzBFnsBh2ncH1Iw,3
qrcqFhxGKQYyi-_rXgLFtg,1udhTLRfcHyQ5eD7Yy4lSg,5
Gh6sagblKhuMpWUDWeQjNg,lUBlgJ-rDDdwpi6d38L2tg,3
#NAME?,uFTcyheegHAdRobLf_4Siw,1
p1F0HCgAggNfneVlFofTkA,5m2JukTajxMk-qS5W4s-FA,4
m2hYaPVP9DOWdHmKjsf84w,ZkPnSg2AN8DjWczvDmswyg,5
TZV5GikexuvOnLfqaCCHAg,oF2XS1nvcjnntEl7g8NltA,4
7Xbgbb6-zHxeRrUYqyMSdQ,O7UMzd3i-Zk8dMeyY9ZwoA,4
M4tyqwsqBRXKAasRrFAD7w,S17AXcOslfQqM18VsOiDIQ,2
YhtJmlqYxFNmgcidFkoitQ,GheMvm_dgcBTULpwzNuyBg,5
Xb4aKpOlHkp9dmgTa__Q4g,iBlQvqiy5Rg2h-y9TS1yOA,5
L8P5OWO1Jh4B2HLa1Fnbng,lOQPeguczAueJnLmDUTfGg,1
FREeRQtjdJU83AFtdETBBw,D-8yidw7FLKKQpciKJSd2g,5
GON8Ynfiro1jxnFoWD5jwQ,R1L4iwkNPwizkJXFIPMxig,4
3H5Ty7TV7SZvZLa1oTUGDg,d01d-w7pxHrMCX5mDwaaHQ,4
rKkpHJkJ27xOwnhy_bMkvA,XE6kf2bviFBdGmVI_SJpmA,4
3w269PNmzsO0PJifUO4Pjg,rwDJu_c584TV4CqPAwu3ZQ,5
qUL3CdRRF1vedNvaq06rIA,gIIEgpdUPm1IMs-yKl-91A,2
GdOftL3cyuc7Ir89iIzSvQ,sRirP65Q7BSg3Lj9FdkKWQ,2
ajxohdcsKhRGFlEvHZDyTw,b3vRI8yXNK34hgC0Wd4Iag,3
1IMyRISO6_VgWA2GamCw5w,LtXy1VinKWfuLFslVarKRw,4
_7PfR6Tvh2xTbiVi1GELoQ,77h11eWv6HKJAgojLx8G4w,4
qGDIsH6b4GTo37krG8ZfzQ,nkTKlVAdh7DhFJMFvQiAXQ,4
-50XWnmQGqBgEI-9ANvLlg,31cOttU_tML5b6eLLXZfsQ,4
NSaZ8hBHkYHIA4o8Tq6tfA,XiMvHK4Nq0xPa1GOtdKzdA,4
WWnhqRnWWjutMqh-2SzEuQ,iUEOBL98BI8zF7LFhmhabQ,5
HaPtQKTZmtIDjyKzjaCmqA,#NAME?,4
US5TnFHzeZLWHgwzArQJrw,S1N5-ZXwR4fUIPs6dLnBYQ,4
xD0zXwapBausN9rwNLAXcg,_WrvsSqeeMhV1QbSj_QS9Q,4
JaqcCU3nxReTW2cBLHounA,pHJu8tj3sI8eC5aIHLFEfQ,4
ILk5Y4wPNW-7y0_As-xI6A,kZspuWnM0Y-Losvk2Rl0lA,1
WRnqI0l71Bi9wK2wsnETSQ,g8OnV26ywJlZpezdBnOWUQ,2
vJ5wrLnxSOPcR8a8jScGkQ,26Uk74dNTGysPq2ceaj2OA,2
7O1_x_3IlgjpY9BkiZ16xQ,h9ELiqDfwNktCvLEu1DDNg,4
#NAME?,XEvOc1jhPosMn69hoqiYPQ,5
tOzTi_wIS2Gajy90pscoMw,iGEvDk6hsizigmXhDKs2Vg,5
z66KKknqWzFBWZb0GbEi2g,PUneCUDGvdgnay3uvI89fA,3
vLMi96JZdgky7H3dP2Gsow,N6BDiFk2CyJTMPGUlcOfAg,2
kK5G8Un_cGkm1Q6aXzdgUA,MXC9pwIxovWUc9yu1F8OxA,4
xH63knKaVhclXU2gSP1q_A,NyLYY8q1-H3hfsTwuwLPCg,4
loOoIBFpGbkx8WaIpQndiA,9GPTELAPPpT5vUxad9AoCw,3
Ynh5YbifcFvaJRJksiF81A,ABuavFvKFU-CDQjDku8Gow,4
m2gyh-W4wdVEAPmp6pkV0A,eAc9Vd6loOgRQolMXQt6FA,4
4wp4XI9AxKNqJima-xahlg,DV13F0bhe55dV1AhwoO50g,3
qOdmye8UQdqloVNE059PkQ,IWGS0FIr9RsrbK_cuqCYYw,3
a3gKHarQcY61pZ9B6Ob5fg,wcR9Vbwn2EmlSeV7uBUIsA,5
mySDXsBhY3u0yI-G2oVDkA,DY1_vls0_VQnTZ7CJ3AeFQ,1
0BBUmH7Krcax1RZgbH4fSA,TLMysu1mWiLEslCBon5W1g,5
ukp5bUGNcvl2OWU5CPG7fw,pofDmHoIsdvPcSKzb2iMag,3
aIqDek9d1fDEgLIAWXMGSA,HV25Suwkzd-roRc63sEmtA,3
uTu74kG-S_54TpMNtBC04w,RyTKm8McePjwsL8ggEHOYA,4
WyoiYXxSJdx26_0c_yVLZw,eue9tQvB94MPB-f9LUUCJA,3
kWj6AdUtkvbzhdsqRifwLQ,qkW8VIKql-ovG4FYfaH53g,3
3gRfkaVcEWri-Ju7OQX7uQ,iob-hWxzVOsZxC5sh0EdHA,5
y6To06jltp9_C0SHy48sSw,g-NKvwy8iLePEQHsoUb17g,4
hWDybu_KvYLSdEFzGrniTw,Cn6GXSkcyrCOxQYIK73gDw,5
ZuWAof5l6yKeft-F1QCWSQ,Rj-7ymdw8aNZBRqGRAjR3Q,3
hWDybu_KvYLSdEFzGrniTw,qrPbFiwRT5F_4HLHZVL26Q,3
YttDgOC9AlM4HcAlDsbB2A,YnmtUJGqQIQL9tz1MRyfqA,4
_7PfR6Tvh2xTbiVi1GELoQ,WRQ-9LluyivReFiQZFUujw,4
_fpHwIiEJOp79qED9YSE7Q,LMJW_BncFhCAu9GcZ0JIUg,5
2_J91lZzqXOYyYeNcVd2YQ,An-JJle53UMHokU4MwFktg,4
C_hUvw2z0R-Rv0yZb6QCZA,pUUgVNS5nBSoCJsBa3fDGw,3
RBNPf_GF8dWlWPxWvkyJXw,1WtUgLhdBdQ39aBvEUbsnw,3
Nw-RuNh3HKIiQ5xb8sXSQQ,_0x7W6fizaPP76xNBxBLAQ,5
MU8NYqHeB0hmGRNcWSGGmA,5HGQHjavoTgcKHFa-x7r8A,4
KEerqlFNhzl1I-yVK6mHVA,O2VozrKsEGiAXDxxK8-_Ig,3
f47N37WU1_PsQKxvZdaTwA,Daasejc2-RV-MxEKpPjXtA,3
DTl0SQ_9ApT_YhIcppwqgw,GYgkmreQorRd5wJg0Pvnfw,3
_ZMD-Abvm-DHCmsOF-f8FA,CgCujnZFGzsMPDVo4VNCLA,5
6kvGowEk1AvUUwWHLkJyNg,aNe8ofTYrealxqv7VtFTuw,4
7eXW0KClU3J1ehd-QHO3Sg,O9LDS66IUKIBkGz_uFZKWQ,3
SfY0jEFqBkrqq9bVi6P31Q,p7-hPLuIKTU5-77K1KSC_Q,4
pDNeS1nbkKS7mJmhRQJPig,TcTqwLLEuIT2oGbEeGMDJg,5
F1CxK5sx7Wp1Zi3qgPjHUQ,SGpCV9O5teB-we8XNNlGHQ,5
msIJhX2FRRgzqjQHUJaoGA,CiYLq33nAyghFkUR15pP-Q,3
rt3PC7WCgCKsoufmQJELfw,#NAME?,5
4d1R5R8ARPDdUFdV1YQmHA,Nm1pBGkT5euNOn29JHwXrQ,4
fJ_qSZH_akvWzHUPMqab1g,vgkuFKzIz4DnWfSW90tYqw,2
KtNGMeHmCpagrTTqcfBcgA,RHoFn4B0AfyqyWGYFqeSXA,4
fieG_NMe33z9yW-5jYoK5g,vFylbmcjMRaVxYeDZhnGyw,3
0k0PQctiUZWdtdBdDSp2_w,c9SKd0bIR6nNzXOVCbOi_A,5
9SqPSd2HnDJIM3v4_j9LYA,g8OnV26ywJlZpezdBnOWUQ,4
GERRIWMslcP4-O6mLErPSQ,E_Qr3fQrZCwOvEnEDYT4Kw,3
yTR-R5nbztFomebI8_k-1g,BwWbwhIWfc9A0fPShp-WmA,5
O11q3pNvHAaufMVX5fpZ_A,hF1-dtY_oXfngC8h2mY4qg,4
HdUpeg9oYzvzHIgeJuM2uQ,MS-hfug4QDXqb_Mws3qlzA,5
YLlOU89RwpRfvk4H5tOQAA,A-uZAD4zP3rRxb44WUGV5w,5
xDl9ZF3SckkZde_48W6WeA,0DyDT4NJNaIuDpT7nTIjxg,4
_jpt07tQlw3KOkTM0fus2g,hgQOESYp7CF4LnNI90XEiw,4
0ZNkuQw2iiEgmOKHToZIyQ,_F1_05YYlvePzomZ_NFijA,4
AhoxHm569hH_PRkoegDwcA,Ul6JwluSTm12PVDIqnNaTg,5
m5b84-nPPVNLlDtZyVGZ3w,EKeck5myBgPqy2ShyGEjHw,2
3971tZ7N-Kq-kHzsO62myQ,o5t33JVLpZWf269AEPB95Q,4
#NAME?,OiqDNSdnchr8zQhiMSInLQ,4
dt9IHwfuZs9D9LOH7gjNew,Qqh2cFO1bk5TQ8mWIEjbCw,5
yvMQhKw2_dq-bgf3lOCjEg,2weQS-RnoOBhb1KsHKyoSQ,3
Jt1zgNmwz_jheOSmEsljPQ,SGP1jf6k7spXkgwBlhiUVw,5
zgR1qppUiE3_HGWbRIYOJA,EvE23d1PSbfGWe7EA5HRBQ,5
_QazmMfEfX6lcpMH2Qmcjg,82YGtjc5KKikNiqBZ33qzw,1
2gBnpLchnstAV9DvhczYew,V_VQ9BgbLEzL9mPLQQlc6g,4
U0WU9d6gpMNkO_tPXK58Sg,h7uxML49NQ_Wj-7zk0DSqg,3
w3dRT20CwQSNJ6GLGbM4SA,EhIMjTklf4QPvRvMIhoQiA,5
hy4uEHgITEfzxrXzyDhCRg,H1j34TgbrVZkxeww9xlJTw,2
AyhF9VDkrReBv_cO-oI-JA,kYXnTyi3ucyxoswK9bvzCQ,5
hYnq9-wO-RzmiTTGMCNJgA,JCqB36SVDjTDsXp-4gBn9Q,4
H7pj7sbXY3N-WSEwa-JfpA,bK7dxnD1FYuV4mVVVCMeNA,5
olj12gZdDTZcLktG-jsM4Q,C9QVknXuoDBdR9CBa_Flyw,5
BI4jBJVto2tEQ0NiaR0rNQ,9LhjwydymRBewnm-dVMimw,2
P8zNvht_iXkpkv74yrNUEA,8B6RYafXqwddAlJrd98auA,2
RrvBEf3Dwk57-6s0fJZwFw,drNjH8Z63cgp8FWXh2hahA,3
rKkpHJkJ27xOwnhy_bMkvA,WpI5MZC3XzlTpcUOKXzCbA,1
#NAME?,G-5kEa6E6PD5fkBRuA7k9Q,4
xNKjIktegMyHVSXFznJTRg,0p27EjcNwTI7Ey4K_MNPww,1
2O_6Wku6xFCGoPTl8TjMWw,LhfKAGpQ12pgvQRqg-2wmw,4
9MU6L4v83qo9jmutekcWMQ,Hz1F5uruPe1kCsf5PIA6Sg,4
CqeLXgQUpMZNbz4GwBz87w,3Mx4renubPRnjHUw1n2UkA,4
CwkEpm0lCai2cJZIp_MMiQ,ZDDzKXN_JXe7694zePRuTQ,3
2krGQJ6P0hm_s6NxA09IMw,UPIYuRaZvknINOd1w8kqRQ,5
4m9NXICYBC5i9t4aTt-I6w,F6c3D1o9Z4Tl6cDorb3WgA,4
UC27mopi9fL9lVoSyonwSQ,Nz44ccUso3nq5S2OlQHNlA,4
a48HhwcmjFLApZhiax41IA,PQER4ba8Q0zqB1G2QiXamQ,5
53bZ_EsXH71L7iFs5MP9_w,rtlsfmdufArhk-47sWIf2w,4
EWkQxKg-KOzujC38Z_40wg,1M6tA3TqxcpptHW0_hP9Kw,4
R9TIWPBlMuzzWgYXZBnAlg,X6DR-xr0rQKnxl9jeZWFzw,4
6s-g2vFu12OemhiK3FJuOQ,SzB85-8tmDEvoapZSDTBkQ,4
NrpzAH3EoNhWUR8OysUhBQ,LB6ZyCfUzeX9OLdunHhnOQ,4
